COMPANY NAME,Symbol,Company_Age,Log_Issue_Price,Range_Width_pct,Days_to_List,Revenue_CAGR,PAT_CAGR,Avg_Operating_Margin,Avg_ROE_pct,Avg_ROCE_pct,Avg_DE_pct,Avg_Interest_Coverage,Avg_Assets_Turnover,Log_Latest_Revenue,Ind_Financial Services,Ind_Healthcare & Pharmaceuticals,Ind_Industrial Manufacturing & Capital Goods,Ind_Information Technology & Digital Platforms,"Ind_Infrastructure, Construction & Utilities","Ind_Materials, Energy & Commodities"
ACME Solar Holdings Limited,ACMESOLAR,-0.8135593220338984,-0.11534080602600652,-0.3802402988422207,-0.3333333333333333,-0.44898372211159643,0.848717445122769,3.4702770769872324,-0.5236396074933096,-0.8412217659137577,3.6997962063019294,-0.2829209205744938,-1.0102389078498295,0.2560829209333979,0.0,0.0,0.0,0.0,1.0,0.0
AGS Transact Technologies Limited,AGSTRA,0.06779661016949153,-0.5460150110370555,0.3948616413379159,1.3333333333333333,-0.8736188556627961,-0.4419134162990859,-0.311631347246388,-2.0027302462628067,-0.6006103125712983,1.7663252686767346,-0.30787717982734414,-0.19546020911208642,-0.1136744439381617,1.0,0.0,0.0,0.0,0.0,0.0
ASK Automotive Limited,ASKAUTOLTD,1.0169491525423728,-0.13641243031635078,-0.06806618127871984,0.0,-0.07013628768484294,-0.11516788000309493,-0.2883090405780393,0.5249371502716728,0.08198151950718681,-0.005565135601191343,0.32352771529099617,1.2546725174711526,0.6312134467967435,0.0,0.0,1.0,0.0,0.0,0.0
Aadhar Housing Finance Limited,AADHARHFC,0.8813559322033898,-0.04129500997858227,-0.5941205251612282,-0.3333333333333333,-0.03387788586777898,-0.000255811502483561,4.40369582936098,-0.04841456491768724,1.3805441478439429,3.45106338506558,-0.24046836246178685,-0.9738339021615474,0.5369444375945174,1.0,0.0,0.0,0.0,0.0,0.0
Adani Wilmar Limited,AWL,0.2711864406779661,-0.31150248166656325,0.588358152174698,0.6666666666666666,-0.655094808906323,-0.3736705147752936,-0.6614603317418225,-0.5954910388451871,-0.1619609856262832,0.17805821184093648,-0.20678318048105204,2.437835202340322,2.7329532977362594,0.0,0.0,0.0,0.0,0.0,0.0
Aditya Birla Sun Life AMC Limited,ABSLAMC,0.6101694915254238,0.6604643849593631,-6.757896317071295,1.3333333333333333,-0.5779185146036915,-0.3071082839947501,3.4921424442249096,0.818992782418295,0.8977241615331966,-0.552359303966139,7.586722039568553,-0.5707784820412808,0.11288614336104733,1.0,0.0,0.0,0.0,0.0,0.0
Aditya Infotech Limited,CPPLUS,0.5423728813559322,0.614509125596761,0.5047485487267043,-0.3333333333333333,0.24059579552415844,0.2817958697123131,-0.2577065006282063,1.172248803827751,1.0945756331279946,0.48275591785546335,0.15348676241564294,0.5317731188038359,0.6376587052432536,0.0,0.0,0.0,1.0,0.0,0.0
Advance Agrolife Limited,ADVANCE,0.06779661016949153,-1.024954129565673,0.023993328900743828,-0.3333333333333333,0.2522954794869686,0.26961384523292464,-0.3515922178130817,0.7704971210769602,0.9713723477070502,0.14370068453780646,0.15683220857126373,1.1792621485454253,-0.7357815355879794,0.0,0.0,0.0,0.0,0.0,1.0
Aequs Limited,AEQUS,0.2033898305084746,-0.8410987319882166,-0.3947289593347958,-0.3333333333333333,0.16118776054055803,-0.6971812782695966,-0.9912023563726997,-2.1081015327224075,-1.4672313483915127,1.0204054972043688,-0.36621099382822864,-0.4719648951730864,-0.22443712017304068,0.0,0.0,1.0,0.0,0.0,0.0
Aeroflex Industries Limited,AEROFLEX,1.2881355932203389,-0.9592165205583902,1.466258988378653,0.3333333333333333,-0.08194063593148372,-0.06796204320337604,0.6527136250500474,0.19649663449841834,0.23078370978781673,-0.3440978209750744,0.7388244794370422,-0.19892735251097032,-0.6459515894889303,0.0,0.0,1.0,0.0,0.0,0.0
Aether Industries Limited,AETHER,-0.6779661016949152,0.5713479988059134,-0.016444026037892714,0.6666666666666666,-0.1464675901264284,-0.12140279713805466,0.9293223994964591,-0.3056524207282462,-0.33157084188911723,-0.30427966765950776,0.7886600911345678,-0.5759791971396069,-0.29193112616203964,0.0,0.0,0.0,0.0,0.0,1.0
Ajax Engineering Limited,AJAXENGG,0.7457627118644068,0.5537337942175462,-0.5744666665265065,-0.3333333333333333,0.384240728452009,0.20709509230175335,0.18986357217926028,0.26153596626388775,0.37890143737166326,-0.5639598683179182,7.586722039568553,0.48236632536973817,0.14477547333012403,0.0,0.0,1.0,0.0,0.0,0.0
Akums Drugs and Pharmaceuticals Limited,AKUMS,-0.06779661016949153,0.6195969785544906,-0.3392282142078474,-0.3333333333333333,-0.8699770027518483,4.175655741788721,-0.4099002844069488,-1.566904549509367,-0.5720910335386722,0.05541620943721593,0.2058602987829498,0.32569478303266697,0.6266745810302379,0.0,1.0,0.0,0.0,0.0,0.0
All Time Plastics Limited,ALLTIME,0.13559322033898305,-0.15801184209666147,1.2040288684735778,-1.0,-0.5168722787718038,-0.30942811682128596,0.026418773483085,0.10161381883058944,-0.019866529774127333,0.5220515232272563,-0.1050354732652708,0.22233057045343746,-0.7640342549410132,0.0,0.0,0.0,0.0,0.0,0.0
Allied Blenders and Distillers Limited,ABDL,-0.3389830508474576,-0.13946513642407043,-0.02220023314659194,-0.3333333333333333,-0.8736188556627961,7.538912452024319,-0.6603179396977372,-0.9742924337036739,0.4111396303901438,1.5594398286042748,-0.25702255292149734,2.5164960182025036,1.1096887920520362,0.0,0.0,0.0,0.0,0.0,0.0
Anand Rathi Share and Stock Brokers Limited,ARSSBL,0.8135593220338984,0.19373718712376986,0.21211493665872777,-0.3333333333333333,0.016411246875673618,0.01985691578227191,1.2075564592049304,0.14378395912740233,1.318121149897331,1.5021685739666617,-0.22708657783930317,-0.8152120916626038,-0.46245847391795336,1.0,0.0,0.0,0.0,0.0,0.0
Anand Rathi Wealth Limited,ANANDRATHI,0.5423728813559322,0.43818665218144454,-3.5161132898178122,0.6666666666666666,0.47297455416737044,0.1530817315077191,2.059867920038841,1.7908523234125375,1.7502908966461328,-0.5147358520144223,2.6732998788717772,0.006500893872907532,-0.24883380895747403,1.0,0.0,0.0,0.0,0.0,0.0
Angel Broking Limited,ANGELBRKG,0.4745762711864407,-0.06621326733534823,-12.10800604200179,1.6666666666666667,0.03724595769684621,-0.30142306832484733,1.7829909972603248,1.2288541075338575,1.745225872689938,0.5966974969953496,0.21739632000922882,-0.7372013651877134,0.780679934296009,1.0,0.0,0.0,0.0,0.0,0.0
Anthem Biosciences Limited,ANTHEM,-0.2033898305084746,0.46893459982117913,0.7071717991797543,-0.3333333333333333,-0.3001026217619681,-0.30341232527618806,1.75311683156498,0.515205579433947,0.6065537303216973,-0.5170089355698385,3.804406760108438,-0.32114415732163165,0.18698403430730814,0.0,1.0,0.0,0.0,0.0,0.0
Antony Waste Handling Cell Limited,AWHCL,0.13559322033898305,-0.04129500997858227,-11.308093995568658,1.0,-0.470851000995231,-0.4915034920073124,0.2330556794732208,-0.1340523882896766,-0.37633470225872695,0.18406098134503854,-0.12383918786410564,-0.3243946042580855,-0.375340271100626,0.0,0.0,0.0,0.0,1.0,0.0
Anupam Rasayan India Limited,ANURAS,0.0,-0.2893887424722667,-10.756331346180005,381.6666666666667,0.016378042638483248,-0.303097196654261,0.6266519063792173,-0.7198929527207852,-0.6518993839835729,-0.06730417515807069,-0.08380919420891726,-0.7033967170485942,0.21931296788410817,0.0,0.0,0.0,0.0,0.0,1.0
Apeejay Surrendra Park Hotels Limited,PARKHOTELS,1.0847457627118644,-0.650043209522368,0.4427156171362558,-0.3333333333333333,0.31023982266043365,6.069122316592788,0.583854564580534,1.9259589652096345,1.7502908966461328,0.1701938652871402,-0.1253388706235219,8.16122216804811,-0.6591964811475176,0.0,0.0,0.0,0.0,0.0,0.0
Aptus Value Housing Finance India Limited,APTUS,-0.4067796610169492,0.0566332655398788,-7.808367207130951,2.0,0.316438384529714,0.020550968617158535,4.921985648070965,0.04030492255291526,0.6941649555099246,1.135392172231802,-0.17448232104747063,-0.9400292540224282,0.17583653186692355,1.0,0.0,0.0,0.0,0.0,0.0
Archean Chemical Industries Limited,ACI,-0.4067796610169492,0.1790667968388359,0.43860041037225983,1.3333333333333333,-0.8736188556627961,-0.7648820325187531,1.2277166107226403,0.8733273862622659,0.19409650924024646,0.4350995453832892,0.8086174078560304,-0.3471477328132618,-0.33841553762599225,0.0,0.0,0.0,0.0,0.0,1.0
Arisinfra Solutions Limited,ARISINFRA,-1.2203389830508475,-0.34189817682591805,1.076457458790025,-0.3333333333333333,0.13390155464419903,8.157117662686192,-0.5681128582992303,-1.59930257075663,-0.6733915126625599,1.2511104143805194,-0.2818826786641287,0.6201852754753778,-0.357071808172439,0.0,0.0,0.0,0.0,1.0,0.0
Arkade Developers Limited,ARKADE,1.152542372881356,-0.8139346413907919,1.2409049790852418,-0.3333333333333333,0.7581929718754927,-1.350848505386889,1.021647420039649,0.6188468088557294,0.7563141683778234,-0.12371322568845693,4.876103132029764,-0.2587355761417196,-0.5502638173276179,0.0,0.0,0.0,0.0,1.0,0.0
Ather Energy Limited,ATHERENERG,-0.6779661016949152,-0.025074056996431664,0.7923030727347782,0.0,2.216884175298605,-1.490702117026602,-3.901365681632828,-2.1081015327224075,-1.512542778918549,0.6846684433296757,-0.48500317240583724,-0.05590768730700477,0.5633643094605577,0.0,0.0,0.0,0.0,0.0,0.0
Atlanta Electricals Limited,ATLANTAELE,1.0169491525423728,0.7098243410171876,-0.5613293392693619,-0.3333333333333333,0.4898863666264642,0.2551516442806857,0.201375840068694,1.9259589652096345,1.7502908966461328,-0.015153890369441354,-0.07042740958643354,0.7554038680318548,0.04149742746244757,0.0,0.0,1.0,0.0,0.0,0.0
Avalon Technologies Limited,AVALON,0.2711864406779661,0.23828358856881215,-0.45235129257820283,2.0,-0.19334478456154136,-0.23340413409297933,-0.1932720563762527,0.673830184088882,0.180407255304586,0.7978784553482784,-0.034550383572705734,0.2873395091825128,-0.056457291502820216,0.0,0.0,1.0,0.0,0.0,0.0
Awfis Space Solutions Limited,AWFIS,-0.7457627118644068,0.12678481562508367,-0.07768075153242938,-1.0,1.645553365010771,3.917615239803027,-0.2901558707466186,-2.1081015327224075,-0.8813312799452431,1.2758791869153996,-0.30910768875814726,-0.4511620347797823,-0.07727588901298879,0.0,0.0,0.0,0.0,1.0,0.0
Azad Engineering Limited,AZAD,1.3559322033898304,0.3965017666755688,-0.5705283933268079,0.0,0.6394450701808514,0.4067201420132026,1.2386733741589493,-0.4024815505636202,-0.3171971252566735,0.43381930292104315,-0.08969256503431959,-0.6565902811636601,-0.7280251108602297,0.0,0.0,1.0,0.0,0.0,0.0
BLS E- Services Limited,BLSE,-0.8813559322033898,-0.7683638891827431,-1.4182723305771907,-0.3333333333333333,1.3609714049542896,0.8832245444225071,0.14772700991807827,-0.25077717405995753,-0.08635067305498523,-0.5639598683179182,2.910480475284075,0.03423804106397962,-0.8546133261802399,0.0,0.0,0.0,1.0,0.0,0.0
BMW Ventures Limited,BMWVENTLTD,0.6101694915254238,-1.033535181210187,0.15510838885328143,-0.3333333333333333,-0.5827163805558709,-0.4183702496997213,-0.6077060612370981,0.14832535885167455,0.7092231348391511,1.5238281862360872,-0.1570629289957893,3.4753778644563638,0.18772138368520663,1.0,0.0,0.0,0.0,0.0,0.0
Baazar Style Retail Limited,STYLEBAAZA,-0.6779661016949152,0.14015544895723434,-0.2763241991653745,-1.0,0.663153612369727,8.157117662686192,-0.41956532044155465,-0.912091476765875,-0.7299281314168379,1.24470920206929,-0.27980619484339847,-0.042905899561189564,0.03577781171114027,0.0,0.0,0.0,0.0,0.0,0.0
Bajaj Housing Finance Limited,BAJAJHFL,-0.3389830508474576,-1.3288949106690424,1.8783348910866342,-0.3333333333333333,0.6463516152272282,0.2434342674292503,1.1759642757499613,-0.19819965939502077,0.0,0.0,0.0,0.0,1.0655111282716534,1.0,0.0,0.0,0.0,0.0,0.0
Bansal Wire Industries Limited,BANSALWIRE,1.2203389830508475,-0.21952151818665278,0.22681193726482682,-0.3333333333333333,-0.21178193752663968,0.08220735705344016,-0.46729677732924,0.14962290163003816,0.056793292265571574,0.9567852850499032,-0.07123493107227315,1.8761579717211119,0.6271704083691425,0.0,0.0,0.0,0.0,0.0,1.0
Belrise Industries Limited,BELRISE,0.4745762711864407,-1.1148676336797712,1.466258988378653,-0.3333333333333333,-0.302742851603924,-0.15634042863140238,-0.21484036751549934,-0.18189927824182972,-0.2269849418206708,0.7695302293985474,-0.19605468074061252,0.341947017714936,1.2354137167230967,0.0,0.0,1.0,0.0,0.0,0.0
Bharti Hexacom Limited,BHARTIHEXA,0.5423728813559322,0.46893459982117913,-0.203732827858944,0.3333333333333333,-0.3309242909688396,-0.48179470099341964,0.6858980326769998,0.6730192198524043,-0.3319815195071868,1.1791555625228616,-0.190286670127473,-0.6227856330245409,1.2322824304878275,0.0,0.0,0.0,0.0,1.0,0.0
Bikaji Foods International Limited,BIKAJI,0.5423728813559322,-0.08323464703293076,0.023993328900743828,1.0,-0.22296192862621278,0.1963270739002752,-0.10783788820776849,-0.08588111264293267,-0.060112936344969045,-0.37994460991796,0.8771413739401281,0.7372013651877131,0.3977034994329733,0.0,0.0,0.0,0.0,0.0,0.0
Billionbrains Garage Ventures Limited,GROWW,-1.0169491525423728,-1.024954129565673,0.023993328900743828,-0.3333333333333333,2.216884175298605,8.157117662686192,0.4083366697332417,-1.0363311977941774,0.08858658453114317,-0.5585123060040759,-0.48500317240583724,-0.798959856980335,0.6074495261914353,0.0,0.0,0.0,0.0,0.0,0.0
Blue Jet Healthcare Limited,BLUEJET,2.3728813559322033,0.03940952606256666,-0.20110015552644916,-0.3333333333333333,-0.5937046838650482,-0.33940507577282014,1.4621123388971018,0.7344903089773739,0.9004620123203286,-0.532580864294299,7.586722039568553,-0.15732163172436212,-0.40151908252401386,0.0,1.0,0.0,0.0,0.0,0.0
BlueStone Jewellery and Lifestyle Limited,BLUESTONE,-0.5423728813559322,0.3849259073001202,-0.40282803647667104,0.0,1.4790293535901635,1.493729082976475,-4.554923239719839,1.9259589652096345,-1.512542778918549,-0.5639598683179182,-0.48500317240583724,-0.3757516658540549,0.24993412603910786,0.0,0.0,0.0,0.0,0.0,0.0
Brainbees Solutions Limited,FIRSTCRY,-0.4745762711864407,0.293694157899514,1.0010120014502901,-0.3333333333333333,0.7472705856039106,-1.490702117026602,-1.032036409992254,-1.755818668396724,-1.502138945927447,-0.24813189110100847,-0.45815308300167273,-0.13911912888022118,1.164973544652043,0.0,0.0,0.0,1.0,0.0,0.0
Brigade Hotel Ventures Limited,BRIGHOTEL,-0.8813559322033898,-1.1148676336797712,1.466258988378653,-1.0,1.0857708917566287,3.285896091805809,0.0020744478401057845,-1.4809017922309629,-0.7464921286789871,3.6997962063019294,-0.2845359635461729,-0.6487892085161711,-0.8567110749041142,0.0,0.0,0.0,0.0,1.0,0.0
Burger King India Limited,BURGERKING,0.0,-1.4598106817716026,-8.629600627966814,1.3333333333333333,-0.207466563556333,-0.23867891864076443,-1.1539471211709036,-2.1081015327224075,-1.512542778918549,0.6241051366462873,-0.3945896060448751,-0.12091662603607994,0.35485409333087237,0.0,0.0,0.0,0.0,0.0,0.0
C.E. Info Systems Limited,MAPMYINDIA,0.5423728813559322,0.9810216646866866,-4.66302101656626,0.6666666666666666,-0.003810081859607847,-0.2743130966481344,2.15537327784026,0.2534263238991159,0.3879363449691993,-0.548701468359722,3.635750129780239,-0.5577766942954656,-0.8797381276644908,0.0,0.0,0.0,1.0,0.0,0.0
CMS Info Systems Limited,CMSINFO,-0.3389830508474576,-0.3654193232276113,0.2643709388137241,0.6666666666666666,-0.4655992886545626,-0.34353443027693253,0.5436621237585972,0.09804557619008984,0.1309890485968515,-0.4963682917907718,1.0768299013670186,-0.05590768730700477,0.2635270339341633,1.0,0.0,0.0,0.0,0.0,0.0
CRIZAC LIMITED,CRIZAC,-0.5423728813559322,-0.2572463174275479,-0.24091260855441005,-0.3333333333333333,2.216884175298605,0.20672542175832267,1.884402110272119,1.9259589652096345,1.7502908966461328,-0.5639598683179182,7.586722039568553,0.3757516658540549,-0.3630539100979891,1.0,0.0,0.0,0.0,0.0,0.0
Campus Activewear Limited,CAMPUS,-0.3389830508474576,-0.10646537357135362,-0.5094473944678181,1.6666666666666667,-0.5411098805386887,-0.3285189027970193,0.00909734297612441,0.24596545292352576,0.24488364134154703,-0.208130846005121,0.12568495126031035,0.48496668291890144,0.01359104869748928,0.0,0.0,0.0,0.0,0.0,0.0
Canara HSBC Life Insurance Company Limited,CANHLIFE,-0.2711864406779661,-0.9751871357713799,1.7383845845065626,-1.0,-0.7079926072191274,1.2270765207820522,-0.8108033258860422,-0.7529802935690538,-1.3221252566735113,-0.5576109108010661,0.014218146161388999,-0.7814074435234846,1.3736475045571013,1.0,0.0,0.0,0.0,0.0,0.0
Canara Robeco Asset Management Company Limited,CRAMC,0.6779661016949152,-0.18660192692036118,-0.2687974440759825,-1.0,0.3711727772856334,0.2045496103718185,3.194283383115413,0.9881599221474331,1.0714407939767283,-0.5439201546741914,5.3603853031089574,-0.4303591743864782,-0.9863918775451507,1.0,0.0,0.0,0.0,0.0,0.0
Capillary Technologies India Limited,CAPILLARY,-0.6101694915254238,0.47944251054627324,-0.3584445322779802,-1.0,1.228651657432531,6.135528016211516,-1.4168712126068577,-2.1081015327224075,-1.512542778918549,-0.13774363797878453,-0.39643536944107977,-0.3523484479115878,-0.6240124952845217,0.0,0.0,0.0,1.0,0.0,0.0
Capital Small Finance Bank Limited,CAPITALSFB,0.2711864406779661,0.2992282212213992,-0.19789369563433207,-0.3333333333333333,-0.2779415515176787,-0.05301280561914631,0.8728320774213782,-0.3450652826210365,0.0,0.0,0.0,0.0,-0.8352985874739979,1.0,0.0,0.0,0.0,0.0,0.0
CarTrade Tech Limited,CARTRADE,0.2033898305084746,1.367694192142708,-7.661553343545891,1.0,0.16183230398285622,5.430525960364643,0.042804329719550484,-1.0546589895385616,-1.0458761122518823,-0.5257616136280504,0.14829555286381735,-0.8802210303916791,-0.5145930291696291,0.0,0.0,0.0,1.0,0.0,0.0
Carraro India Limited,CARRARO,0.4067796610169492,0.6507335220555319,0.3190022137939454,0.0,-0.5196504312104522,0.5923629841140937,-0.4329258497647222,0.06074122131214018,-0.022193702943189546,0.0812562052568325,-0.02289900213416389,0.9790346172598736,0.18822847659198247,0.0,0.0,1.0,0.0,0.0,0.0
Ceigall India Limited,CEIGALL,0.06779661016949153,0.16629043612117017,0.6390243208476709,-1.0,0.7893105685073651,-0.002517664435345301,0.1772986446949286,0.7028627037547639,0.40696440793976735,0.5900088833150443,0.054046259445117394,0.16512270437185117,0.6101378977049668,0.0,0.0,0.0,0.0,1.0,0.0
Cello World Limited,CELLO,-1.0169491525423728,0.5793578573930045,-0.5368877608962278,-0.3333333333333333,-0.34200443428099325,-0.28475598093672394,0.6521607775530687,1.7764171600032441,1.5385181382614646,0.7424361185138738,7.586722039568553,0.10011376564277585,0.21782367169594646,0.0,0.0,0.0,0.0,0.0,0.0
Chemplast Sanmar Limited,CHEMPLASTS,1.2203389830508475,0.4239841405668552,-7.677865248237391,2.0,-0.8736188556627961,-1.490702117026602,-0.47402223531783333,-1.0042170140296816,-0.7122689938398358,0.6279197366358366,-0.2804983561169752,-0.12871769868356914,0.6407967002777485,0.0,0.0,0.0,0.0,0.0,1.0
Clean Science and Technology Limited,CLEAN,0.0,0.8622838684160381,-7.187334968488879,1.3333333333333333,-0.653268766557067,-0.4963270431641912,1.7876839752066627,0.5654853620955314,0.6777378507871323,-0.5613993833934264,7.586722039568553,-0.29254022428083865,-0.4210332405771659,0.0,0.0,0.0,0.0,0.0,1.0
Computer Age Management Services Limited,CAMS,1.0169491525423728,1.138392686277627,-12.747036462282805,73.33333333333333,-0.3745094056489198,-0.2375251283250148,1.9898767511135254,1.9259589652096345,1.7502908966461328,-0.42731358102105865,3.4385995270231304,-0.003900536323744519,-0.08591029113366296,0.0,0.0,0.0,1.0,0.0,0.0
Concord Biotech Limited,CONCORDBIO,1.2881355932203389,0.6948459398088305,-0.34387200124949663,1.3333333333333333,-0.6059344630661029,-0.3011849458920889,1.6068870676372224,0.16730192198524052,0.3606605065023956,-0.5440442598108377,7.586722039568553,-0.3959044368600683,-0.37416642985844345,0.0,1.0,0.0,0.0,0.0,0.0
Concord Enviro Systems Limited,CEWATER,0.2711864406779661,0.6470559532631587,0.3758156224395769,-0.6666666666666666,-0.33779285537991405,-0.40727532405129224,-0.1203102810048918,-0.7054577893114915,-0.5369096509240247,-0.07791189841667963,-0.19778508392455438,-0.28993986673167577,-0.8022887088101729,0.0,0.0,0.0,0.0,1.0,0.0
Corona Remedies Limited,CORONA,-0.06779661016949153,1.0048756114565984,0.24399995492278784,-0.3333333333333333,0.05821374124782527,8.157117662686192,0.016215033846729184,0.18481874949314722,0.16904517453798754,-0.39436693316611793,0.7462075330218608,0.5161709735088577,-0.1609889866520441,0.0,1.0,0.0,0.0,0.0,0.0
Craftsman Automation Limited,CRAFTSMAN,0.0,1.2966664557319774,-12.607930735654223,0.6666666666666666,0.8367923278151596,-0.028054372458539836,0.06727641926615346,-0.12464520314654146,-0.14457563312799473,0.6243141558237969,-0.17598200380688697,-0.016902324069559438,1.1129760279193643,0.0,0.0,1.0,0.0,0.0,0.0
Credo Brands Marketing Limited,MUFTI,0.2711864406779661,-0.14252868698122947,0.023993328900743828,0.0,-0.040298542480595174,-0.022814676348496692,0.5072528407653291,0.29750223015165034,-0.011687200547570277,-0.5309479019700057,-0.057593585972198186,-0.10336421257922983,-0.755879586646156,0.0,0.0,0.0,0.0,0.0,0.0
Cyient DLM Limited,CYIENTDLM,0.6779661016949152,-0.18983791036053016,1.7383845845065626,1.3333333333333333,-0.299746671428782,-0.17370102747046223,-0.21599018114451357,0.18222366393642025,-0.2245208761122518,1.0867168312692688,-0.1564861279344754,-0.07671054770030887,-0.2233537324419611,0.0,0.0,1.0,0.0,0.0,0.0
DEE Development Engineers Limited,DEEDEV,1.0169491525423728,-0.4186954124187962,-0.16783510856677886,-0.3333333333333333,0.1859457598899107,0.9831681350833416,-0.15708003629934736,-0.8525667018084504,-0.5685318275154004,0.43507341798610044,-0.2338928303628078,-0.37835202340321805,-0.3058873753520788,0.0,0.0,1.0,0.0,0.0,0.0
DOMS Industries Limited,DOMS,-0.2033898305084746,0.7499945892852482,0.18830207491719855,-0.3333333333333333,0.7214178246034121,1.3421540771491023,0.008094374934856648,0.2454788743816397,0.2964921286789867,-0.22579296650467678,0.5759358597219819,0.7241995774418983,0.20739321179750056,0.0,0.0,0.0,0.0,0.0,0.0
Data Patterns (India) Limited,DATAPATTNS,1.2203389830508475,0.4912968356862777,0.35682386570331964,0.6666666666666666,0.539114985403299,0.09988596928709759,2.0136513359295796,-0.10550644716568029,-0.029722792607802785,-0.5639598683179182,1.003922247216935,-0.635787420770356,-0.44829757987020036,0.0,0.0,1.0,0.0,0.0,0.0
Deepak Builders & Engineers India Limited,DBEIL,-0.9491525423728814,-0.4186954124187962,1.1110211412166173,-0.3333333333333333,-0.6968003408682324,-0.05690688591110111,0.1814261963295013,0.4044278647311654,0.14057152635181389,0.38898468934524755,-0.1608698160004614,0.011701608971233414,-0.8349868187700197,0.0,0.0,0.0,0.0,1.0,0.0
Delhivery Limited,DELHIVERY,-0.5423728813559322,0.33347594600129377,0.3704924709108137,1.6666666666666667,-0.5026456578123109,1.7707828827611285,-1.1650075962937891,-1.7016462574000488,-1.512542778918549,-0.5416993259131525,-0.48500317240583724,-0.1651227043718513,1.3242821933888462,0.0,0.0,0.0,0.0,1.0,0.0
Devyani International Limited,DEVYANI,0.8135593220338984,-1.1148676336797712,-1.4182723305771907,1.3333333333333333,0.3289295353248908,-1.490702117026602,-0.24121153608987073,-0.503203308734085,-0.6529945242984257,1.3539478497152115,-0.25534982984368687,0.0039005363237443746,0.8487030705681584,0.0,0.0,0.0,0.0,0.0,0.0
Dharmaj Crop Guard Limited,DHARMAJ,-0.8135593220338984,-0.2857576273185664,10.046826835905538,0.6666666666666666,0.4494552420624688,-0.15410343250982478,-0.2723390618444315,-0.0017030248966019804,-0.06942162902121839,-0.17157861733814073,0.372094364653631,0.6305867056720301,-0.3136747003500445,0.0,0.0,0.0,0.0,0.0,1.0
Dodla Dairy Limited,DODLA,0.5423728813559322,0.22234985909470462,-8.710475337844086,1.3333333333333333,-0.2414865494803526,-0.12265672698684565,-0.3396704036608884,-0.0021896034384885897,-0.042180013689253754,-0.5119663479124209,4.702370652362001,1.6031204290589964,0.6293400440851719,0.0,0.0,0.0,0.0,0.0,0.0
Dr. Agarwal's Health Care Limited,AGARWALEYE,-0.4745762711864407,0.1684330175336558,-0.04058573047887275,-0.6666666666666666,0.4908605039374076,0.2996757019417322,0.2277207531993311,-0.371016138188306,-0.6382101300479124,0.3958823222030623,-0.20066908923112411,-0.4329595319356411,0.13551549018719053,0.0,1.0,0.0,0.0,0.0,0.0
Dreamfolks Services Limited,DREAMFOLKS,-0.3389830508474576,-0.01178583453681051,1.3777764325824575,1.6666666666666667,0.0984019981791789,-0.657423941230706,-0.3602299772103054,0.6936177114589246,1.2490930869267625,-0.5527316193760778,1.9291111495645148,1.902161547212742,-0.7147680860230368,0.0,0.0,0.0,1.0,0.0,0.0
EMS Limited,EMSLIMITED,-0.4745762711864407,-0.38552253131297826,0.5776592929657174,1.0,-0.09216163974725097,-0.4263413111116477,0.9647200837961318,0.19033330630119208,0.25241273100616024,-0.3865548414066991,1.1984195650919995,-0.16252234682268815,-0.627257140193292,0.0,0.0,0.0,0.0,1.0,0.0
EPACK Durable Limited,EPACK,-1.0847457627118644,-0.31150248166656325,0.588358152174698,0.0,-0.08587159905537828,-1.1740048652759756,-0.47748065388500904,-0.6965371827102427,-0.3830424366872005,1.5998850394523698,-0.23227778739112875,0.042905899561189564,0.0582811731868867,0.0,0.0,0.0,0.0,0.0,0.0
ETHOS Limited,ETHOSLTD,-0.2711864406779661,0.8409653124502253,-0.537800356226215,1.3333333333333333,0.3974326901282913,0.3370609751756424,-0.10447303534313099,-0.5330467926364448,-0.5061088295687884,-0.3260960443120656,0.009055776662629113,0.03250446936453751,-0.04482774461971703,0.0,0.0,0.0,0.0,0.0,0.0
Easy Trip Planners Limited,EASEMYTRIP,0.0,-0.4891336131880181,-11.568120501020749,1.0,0.07840749601259439,-1.490702117026602,1.385421397602755,0.46930500364933886,0.8927960301163591,-0.23911793907090972,1.886197150602757,-0.4277588168373153,-0.8176232012304437,0.0,0.0,0.0,1.0,0.0,0.0
Ecos (India) Mobility & Hospitality Limited,ECOSMOBLTY,0.4745762711864407,0.009058408579192753,-0.5200949138963343,-0.3333333333333333,1.579413178465223,0.5939629658627902,-0.0435230967638718,0.9202011191306463,0.9196269678302534,-0.33262789360923867,2.120263021283959,1.1610596457012843,-0.5579568961140675,0.0,0.0,0.0,0.0,0.0,0.0
Electronics Mart India Limited,EMIL,-1.0169491525423728,-1.4740653629258422,0.24399995492278784,1.3333333333333333,-0.4075917849914001,-0.48357977521987544,-0.5183599895397581,-0.3127889060092451,-0.36921629021218355,0.3018236923237708,-0.1982465247736055,1.5173086299366167,1.0235676228081807,0.0,0.0,0.0,0.0,0.0,0.0
Elin Electronics Limited,ELIN,1.423728813559322,-0.2502633758341559,0.7071717991797543,0.6666666666666666,-0.8611598446063439,-0.7524506019594617,-0.5794446400648008,-0.7601167788500528,-0.6724332648870637,-0.4016303495845744,-0.08507815654380801,1.0362424833414599,-0.2247349129815057,0.0,0.0,1.0,0.0,0.0,0.0
Emcure Pharmaceuticals Limited,EMCURE,1.4915254237288136,0.9599146743777353,-0.5941205251612282,-0.3333333333333333,-0.49082490066596257,-0.3492149916263929,0.2616248676498842,0.4530857189197952,0.4604893908281999,0.37231540993886203,0.016438830247447717,0.06630911750365696,1.2042642368968282,0.0,1.0,0.0,0.0,0.0,0.0
Emmvee Photovoltaic Power Limited,EMMVEE,-0.2711864406779661,-0.36145431130075817,0.20344573814453104,-0.3333333333333333,2.216884175298605,3.52933685832668,0.280079251576666,0.8202903251966589,-0.20042778918548929,3.6997962063019294,-0.11564861279344749,-0.28213879408418674,0.7737426163254446,0.0,0.0,0.0,0.0,1.0,0.0
Entero Healthcare Solutions Limited,ENTERO,-1.0169491525423728,1.150811296353122,0.04462988046718825,-1.0,0.282637317655112,8.157117662686192,-0.6982305446155156,-1.1000729867812833,-0.8488877481177276,0.0025604849244917956,-0.21854992213185664,1.499106127092476,0.962206930599743,0.0,1.0,0.0,0.0,0.0,0.0
Enviro Infra Engineers Limited,EIEL,-0.4067796610169492,-0.6896352114053076,1.076457458790025,-1.0,1.4970706612932028,0.5425857998484436,0.8189137763050808,1.3736923201686801,1.3422142368240937,0.11344515859330111,0.16559958470323588,0.08451162034779806,-0.2876910788178935,0.0,0.0,0.0,0.0,1.0,0.0
Epack Prefab Technologies Limited,EPACKPEB,0.2711864406779661,-0.41447834496952457,-0.23052414041890495,-0.3333333333333333,0.6983330477903641,0.3628222581265143,-0.27054250611164066,0.28067472224474876,0.18684120465434653,0.34694570726864216,-0.08692391994001267,0.6227856330245412,-0.09757806941135663,0.0,0.0,1.0,0.0,0.0,0.0
Equitas Small Finance Bank Limited,EQUITASBNK,0.6779661016949152,-1.9638883076980072,-5.089494009248259,1.6666666666666667,-0.33929814814737386,-0.9357685633685088,-0.08906685344190779,-0.6864812261779258,0.0,0.0,0.0,0.0,0.6763637215500086,1.0,0.0,0.0,0.0,0.0,0.0
Exicom Telesystems Limited,EXICOM,0.6101694915254238,-0.7250808269268751,-0.1588290786387168,-0.3333333333333333,-0.6534585048523041,-1.490702117026602,-0.7531225599523602,-2.005271267537102,-0.8820157426420261,0.24342895960704408,-0.248658937532445,0.03250446936453751,-0.2960038494450782,0.0,0.0,1.0,0.0,0.0,0.0
FINO Payments Bank Limited,FINOPB,-0.2711864406779661,0.47944251054627324,-5.307640382826162,1.3333333333333333,-0.5582564924345887,-0.39516596594201975,-0.5080332469962466,-0.3979401508393483,0.0,0.0,0.0,0.0,-0.13082088076499168,1.0,0.0,0.0,0.0,0.0,0.0
FSN Ecommerce Ventures Limited,NYKAA,-0.6101694915254238,1.0545288671821382,-3.7258973857418716,1.0,0.3002126301350207,0.46902933316196777,-0.6549055506624326,-0.8144513826940235,-0.5139117043121151,0.6420024037205416,-0.21901136298090781,1.2572728750203155,1.2677239039820039,0.0,0.0,0.0,0.0,0.0,0.0
Fedbank Financial Services Limited,FEDFINA,0.5423728813559322,-0.7372273456817026,0.023993328900743828,0.0,0.22314837240253516,0.1913134179635084,3.227895476936406,-0.38739761576514486,1.7502908966461328,3.6997962063019294,-0.26757801234354267,-0.9634324719648953,0.16969143081203694,1.0,0.0,0.0,0.0,0.0,0.0
FiveStar Business Finance Limited,FIVESTAR,1.2881355932203389,0.31019093547686577,0.18830207491719855,1.3333333333333333,0.003810081859607847,-0.2099542626318286,4.093712722778571,0.03954802259886999,0.7792664841432807,0.987467558481824,-0.1692526580915575,-0.8845549596402841,0.44418494726965196,1.0,0.0,0.0,0.0,0.0,0.0
Flair Writing Industries Limited,FLAIR,-0.8813559322033898,-0.07184981403436803,0.7071717991797543,0.3333333333333333,-0.0129272400406636,0.024328980806798357,0.24041141896664125,0.06885086367691172,0.06747091033538669,-0.333359460730522,0.9398973294110863,0.18592556476515526,-0.23858957519155746,0.0,0.0,0.0,0.0,0.0,0.0
Fujiyama Power Systems Limited,UTLSOLAR,-0.9491525423728814,-0.3190015600062927,0.7071717991797543,-1.0,1.383151866605985,1.4962654038485095,-0.5410831788269472,-0.6306868867082964,-0.5404688569472964,0.13651565031091617,-0.11784045682644052,0.19632699496180733,0.2992069936871339,0.0,0.0,1.0,0.0,0.0,0.0
Fusion Micro Finance Limited,FUSION,0.6101694915254238,0.09242215933639976,-0.25818908273625973,1.6666666666666667,-0.5968593081832791,-0.7092430141485716,1.692382453871174,-1.8727597112967318,0.35795687885010263,3.6997962063019294,-0.29157293649420307,-0.87241995774419,-0.013006616719676251,1.0,0.0,0.0,0.0,0.0,0.0
G R Infraprojects Limited,GRINFRA,0.5423728813559322,0.7997717722814309,-10.164915684830396,1.3333333333333333,-0.8736188556627961,-0.4582155797110452,0.5882436565850516,0.031059930257075447,-0.27229637234770726,0.37111354966818205,-0.1312222414489242,-0.32894522996912096,1.1476709139656573,0.0,0.0,0.0,0.0,1.0,0.0
GK Energy Limited,GKENERGY,-0.3389830508474576,-0.6611709584305101,0.6178674239798867,-1.0,2.216884175298605,4.277363135453812,0.013815216452130186,1.9259589652096345,1.7502908966461328,1.326644719653028,0.01978427640306863,0.9712335446123843,-0.016346827453314238,0.0,0.0,0.0,0.0,0.0,1.0
GNG Electronics Limited,EBGNG,-0.2033898305084746,-0.2857576273185664,0.18830207491719855,-0.3333333333333333,0.8295685382104967,0.6779707825283482,-0.32276588847064974,0.9247425188549183,1.0739048596851473,1.2713852745989447,-0.13690373190286664,1.5771168535673663,0.05242731210051739,0.0,0.0,1.0,0.0,0.0,0.0
GPT Healthcare Limited,GPTHEALTH,0.9491525423728814,-0.4937330298233026,-0.3947289593347958,-1.0,-0.6397439672243119,-0.4922310852651478,0.34102635282303095,0.4874706025464275,0.30826488706365507,-0.11592726132622663,0.24992789986733577,0.2587355761417193,-0.9492406039477559,0.0,1.0,0.0,0.0,0.0,0.0
Gandhar Oil Refinery (India) Limited,GANDHAR,0.7457627118644068,-0.5759274399607729,0.8688708453996241,0.0,-0.8514488269927201,-0.5834778048851005,-0.42827259189428374,0.1536777228124241,0.37657426420260104,-0.2655327376286774,-0.027628770836938293,1.782545099951244,0.6412539105835021,0.0,0.0,0.0,0.0,0.0,1.0
Ganesh Consumer Products Limited,GANESHCP,0.2033898305084746,-0.022399981753322574,-0.05663021728125752,-0.3333333333333333,-0.2117448123104808,-0.2654529048371843,-0.3816601514178626,-0.15789473684210534,0.005766598220397045,-0.23273632230757166,0.1198015804349081,1.5933690882496347,-0.5132222704676404,0.0,0.0,0.0,0.0,0.0,0.0
Garuda Construction and Engineering Limited,GARUDA,-0.4745762711864407,-1.0687396028901806,0.7071717991797543,-0.3333333333333333,2.0358360958965873,0.6803886630945916,1.41306154071453,1.4486254156191711,1.5589151266255994,-0.42425667554998175,7.586722039568553,-0.19372663741264431,-0.8695077269242805,0.0,0.0,0.0,0.0,1.0,0.0
Gland Pharma Limited,GLAND,0.0,1.3024311067084704,-11.225678815027061,1.0,-0.5809875331964471,-0.578535657315846,0.8898010545154762,-0.395669450977212,-0.319524298425736,-0.5639598683179182,6.295495183711139,-0.4875670404680645,0.9770976113211383,0.0,1.0,0.0,0.0,0.0,0.0
Global Health Limited,MEDANTA,-0.06779661016949153,0.014191689062543467,0.17852179241621202,1.0,-0.0977831749211115,0.0855611009477413,0.4548304136953197,-0.12010380342226921,-0.23246064339493488,-0.1621988817474003,0.13848993482148017,-0.19892735251097032,0.6835289918412154,0.0,1.0,0.0,0.0,0.0,0.0
Glottis Limited,GLOTTIS,-1.2881355932203389,-0.8072752370643455,5.155775791694281,0.0,-0.32298068893678006,-0.1269285529520905,-0.31772848122660985,1.9259589652096345,1.7502908966461328,0.48609369284631887,7.586722039568553,5.594669267024217,-0.6426726663022738,0.0,0.0,0.0,0.0,0.0,1.0
Go Digit General Insurance Limited,GODIGIT,-0.8813559322033898,-0.1674369476581913,0.4057695328801905,0.0,0.349318911502238,5.6839260284010065,-0.756715757932763,-0.98686237936907,-1.084069130732375,-0.5234362752782569,-0.46005652650400874,-0.5967820575329109,1.2977224144470876,1.0,0.0,0.0,0.0,0.0,0.0
Go Fashion (India) Limited,GOCOLORS,-0.4745762711864407,0.6334357500913484,0.21211493665872777,0.6666666666666666,-0.0921122673796376,-0.23164105863538714,0.41494152282130997,-0.2891087503041117,-0.3678473648186174,-0.05066102314887383,-0.14575762819403582,-0.3003412969283277,-0.5194616304392758,0.0,0.0,0.0,0.0,0.0,0.0
Godavari Biorefineries Limited,GODAVARIB,3.1864406779661016,0.05419369227247597,0.3190022137939454,-0.3333333333333333,-0.8736188556627961,-1.1778653750743104,-0.5276385821575292,-1.1284567350579842,-0.7080253251197809,0.9144589016042224,-0.2729999423198938,0.13911912888022104,0.09159100239133347,0.0,0.0,0.0,0.0,0.0,1.0
Gopal Snacks Limited,GOPAL,-0.4067796610169492,0.16629043612117017,-0.008376723307003375,-1.0,-0.8736188556627961,-0.19528072864201276,-0.35525882927021935,0.4873084096991322,0.4866358658453116,0.032058316350525175,0.5544788602411028,2.4612384202827893,-0.1117950286153613,0.0,0.0,0.0,0.0,0.0,0.0
HDB Financial Services Limited,HDBFS,-0.2711864406779661,0.6936829071646846,1.076457458790025,-0.3333333333333333,-0.426554540280821,0.012599779879116983,2.7797398522387806,-0.09480171924418151,1.7502908966461328,3.6997962063019294,-0.2619253619426659,-0.9296278238257762,1.7090742113412787,1.0,0.0,0.0,0.0,0.0,0.0
HMA Agro Industries Limited,HMAAGRO,-0.3389830508474576,0.4912968356862777,0.35682386570331964,1.6666666666666667,0.04273829587318552,-0.3240642267678446,-0.5739497702631102,0.30938285621604056,0.4990930869267625,0.41103621257250367,0.4114321970352426,3.0255160084511625,1.0082108501292701,0.0,0.0,0.0,0.0,0.0,0.0
Happiest Minds Technologies Limited,HAPPSTMNDS,-0.5423728813559322,-0.5912819448255695,-11.39249508407511,0.6666666666666666,-0.04122852949097525,-0.4183924030845302,0.5542712545710794,0.29689400697429214,0.34796372347707066,0.26866802529132067,0.3191440272250102,-0.14952055907687323,0.22432115451440293,0.0,0.0,0.0,1.0,0.0,0.0
Happy Forging Limited,HAPPYFORGE,1.6271186440677967,0.8130474062294633,-0.1287171526910496,0.0,-0.2679948133447441,-0.09133279711818945,0.8612820090571136,0.0866920768794094,0.15261806981519502,-0.3381669018132414,1.5854530772336621,-0.20152771006013334,-0.08140486268780238,0.0,0.0,1.0,0.0,0.0,0.0
Hariom Pipe Industries Limited,HARIOMPIPE,-0.2711864406779661,-0.6611709584305101,2.3146505527774446,0.6666666666666666,0.9506445770772792,-0.02431959391400698,-0.1504765382851198,0.017760116778849862,0.1053901437371662,0.4122119454459949,-0.09707561861913815,0.6045831301804,-0.03536295344553345,0.0,0.0,0.0,0.0,0.0,1.0
Harsha Engineers International Limited,HARSHA,-0.4745762711864407,-0.0013007379017988274,-0.3693518509568944,1.3333333333333333,-0.7958550724155107,-0.22303683066513452,0.000200449920858915,-0.336631254561674,-0.25504791238877483,-0.16606573653132672,0.41616196573801695,0.053307329757841616,-0.041809219899604184,0.0,0.0,1.0,0.0,0.0,0.0
Heranba Industries Limited,HERANBA,0.7457627118644068,0.550991697869365,-12.542350048655711,0.6666666666666666,-0.8736188556627961,-1.490702117026602,-0.3659561339791534,-0.7134052388289677,-0.48886036960985646,-0.11151173120133767,0.6398454173155679,0.13651877133105803,-0.06960055310079755,0.0,0.0,0.0,0.0,0.0,1.0
Hexaware Technologies Limited,HEXT,0.7457627118644068,0.6556126783516303,-0.48935546515072065,-0.3333333333333333,-0.3866591257487432,-0.18985787950925592,0.05522526168837131,0.4974049144432728,0.44502053388090357,-0.2895307519464911,1.277700870969603,0.6182350073135058,1.4993238885172002,0.0,0.0,0.0,1.0,0.0,0.0
Highway Infrastructure Limited,HILINFRA,-0.2033898305084746,-1.3288949106690424,5.58701801545844,-0.3333333333333333,-0.30935082851646556,0.27038164731000497,-0.4012980186966294,0.1405401021814937,0.49676591375770035,0.495845743846998,-0.07919478571840569,1.9229644076060466,-0.7452845572883534,0.0,0.0,0.0,0.0,1.0,0.0
Home First Finance Company India Limited,HOMEFIRST,-0.4745762711864407,0.38658914518294096,-12.455224211215189,1.0,0.6252061305354762,0.1034108649362932,4.499636121228079,-0.18157489254723888,1.1129192334017792,3.246564247269687,-0.24335236776835667,-0.9790346172598734,0.06284353407878068,1.0,0.0,0.0,0.0,0.0,0.0
Honasa Consumer Limited,HONASA,-0.8813559322033898,-0.017076578584743075,-0.1362584110412507,-0.3333333333333333,0.2524498228732715,1.3344174464907554,-0.4707681980893921,-0.5246127645770823,-0.722262149212868,-0.5639598683179182,0.3152217800080752,0.39915488379652175,0.24686074827679752,0.0,0.0,0.0,0.0,0.0,0.0
Hyundai Motor India Limited,HYUNDAI,0.4745762711864407,1.5329674030347256,-0.37336557728196046,-0.3333333333333333,-0.5472741988320432,-0.16418286911086744,-0.13784332769788857,1.3253588516746408,1.2028576317590698,-0.4440873700161991,2.6205802618676817,1.569315780919877,2.6988581634114035,0.0,0.0,1.0,0.0,0.0,0.0
ICICI Prudential Asset Management Company Limited,ICICIAMC,0.6779661016949152,1.6187126304839254,-0.48562940989862463,-1.0,0.0657303541096097,-0.05072763151155187,4.189784585974356,1.9259589652096345,1.7502908966461328,-0.39711030987093066,7.586722039568553,0.2665366487892087,0.8917438509496914,1.0,0.0,0.0,0.0,0.0,0.0
INOX India Limited,INOXINDIA,1.8305084745762712,0.5951577846753181,0.023993328900743828,-1.0,-0.10743994544321786,-0.1327144452634303,0.6728096929752564,0.8981428918984674,1.036943874058864,-0.42109526049014995,2.561977274038184,-0.04030554201202655,-0.056403764391277034,0.0,0.0,1.0,0.0,0.0,0.0
IRM ENERGY LIMITED,IRMENERGY,-0.8135593220338984,0.3647127497564643,-0.10452539323095475,0.0,-0.01587055527333058,-0.8874861416774884,0.15435424560755961,0.20233557700105392,-0.22534223134839146,0.14411872289282557,-0.025436926803945208,0.09491305054444982,-0.2892613197996426,0.0,0.0,0.0,0.0,1.0,0.0
Indegene Limited,INDGN,0.3389830508474576,0.2692941593015329,-0.3206188198240743,-0.3333333333333333,-0.04361759415082694,-0.0002622037240336115,0.35412322921106826,0.33533371178331006,0.2532340862422999,-0.1832575638814861,1.0835207936782607,0.13651877133105803,0.5160279116071583,0.0,0.0,0.0,1.0,0.0,0.0
India Pesticides Limited,IPL,1.2881355932203389,-0.09477179000284461,-7.694076956954108,1.3333333333333333,-0.5624934969521116,-0.6304415644434743,0.4573212916849116,-0.09674803341172651,-0.005766598220397045,-0.5131159533887234,1.1120147661071695,-0.08451162034779777,-0.35813065924658893,0.0,0.0,0.0,0.0,0.0,1.0
India Shelter Finance Corporation Limited,INDIASHLTR,0.3389830508474576,0.3440144304007377,-0.31828878501186814,-0.3333333333333333,0.6748319296791323,0.3034641174123887,4.029006172665099,-0.20493066255778114,0.7623374401095143,1.9632387521555104,-0.224433292957259,-0.9504306842190803,-0.1041778213046928,1.0,0.0,0.0,0.0,0.0,0.0
Indigo Paints Limited,INDIGOPNTS,0.2033898305084746,1.2966664557319774,-12.607930735654223,1.6666666666666667,-0.4836132670559085,-0.20068201741066222,0.12020827675787427,-0.07323007055388876,-0.10651950718685847,-0.5170089355698385,4.427928707388822,0.11571591093775392,-0.15885526900755567,0.0,0.0,0.0,0.0,0.0,0.0
Indiqube Spaces Limited,INDIQUBE,-0.8135593220338984,-0.2857576273185664,0.18830207491719855,-0.3333333333333333,0.745829989749485,0.41468849170100097,-0.6026142238827364,1.9259589652096345,-1.261002737850787,-0.5639598683179182,-0.34455211397588964,-0.854217454900049,-0.10468284699367154,0.0,0.0,0.0,0.0,1.0,0.0
Indogulf Cropsciences Limited,IGCL,0.6779661016949152,-0.9358018177899514,1.076457458790025,-1.0,-0.5870164507641202,-0.2817114053754406,-0.23005210371754026,-0.317168112886222,-0.0952943189596165,0.42517113445158616,-0.0907308069446847,0.15472127417519926,-0.6601459855953508,0.0,0.0,0.0,0.0,0.0,1.0
Innova Captab Limited,INNOVACAP,-0.13559322033898305,0.2616454300055747,-0.20779936637250804,-1.0,-0.10214543421020311,-0.0681646628757097,0.026384220458686602,0.24888492417484367,0.06692334017796009,0.17667345978993568,0.9514333506373652,0.2145294978059484,-0.05409247223489408,0.0,1.0,0.0,0.0,0.0,0.0
Interarch Building Products Limited,INTERARCH,1.3559322033898304,0.8622838684160381,1.466258988378653,-0.3333333333333333,0.07522785017567746,0.8303596497649562,-0.2755770653673173,-0.044521936582596955,0.041735112936345097,-0.46825521241573914,2.493107227317298,0.859418169998375,0.06432272144418605,0.0,0.0,1.0,0.0,0.0,0.0
International Gemmological Institute (India) Limited,IGIL,0.2711864406779661,0.19994889639236577,-0.5051832799724639,-1.0,0.6105999716639884,0.11180369986847379,3.397779586910135,1.9259589652096345,1.7502908966461328,-0.49492475309609657,5.218376881813463,0.04940679343409724,-0.07199811006156769,0.0,0.0,0.0,0.0,0.0,0.0
Inventurus Knowledge Solutions Limited,IKS,-0.2033898305084746,1.1981229573767043,-0.4545914384655328,-1.0,1.0351240829711519,0.14526023896352613,1.3480639091227977,1.3011921174276215,0.9493326488706366,-0.11234780791137582,1.373882447943704,-0.04030554201202655,0.4362918848325353,0.0,0.0,0.0,1.0,0.0,0.0
Ivalue Infosolutions Limited,IVALUE,-0.3389830508474576,-0.08610449518860788,0.06740600761411054,-1.0,-0.8736188556627961,-0.06485429351529223,-0.0661507251733375,0.25569702376125186,0.46363791923340175,-0.4303966138893244,0.22327969083463117,0.19632699496180733,-0.3604357720210385,0.0,0.0,0.0,1.0,0.0,0.0
J G Chemicals Limited,JGCHEM,0.13559322033898305,-0.3457740870577409,-0.034741471711479094,0.0,-0.46421982493311925,-0.25582531802293795,-0.19416529366993293,0.18271024247830658,0.36398015058179334,-0.31987772378115686,3.3278537232508514,1.4210954006175847,-0.42127608969977937,0.0,0.0,0.0,0.0,0.0,1.0
JNK India Limited,JNKINDIA,-0.4745762711864407,0.1958127322289485,-0.44517742779690667,-0.3333333333333333,0.4029363907402788,-0.18616941336273887,0.2297099785148767,0.9686967804719812,1.138518138261465,-0.2198359199456549,0.21878064255638235,0.053307329757841616,-0.5416866619375995,0.0,0.0,1.0,0.0,0.0,0.0
JSW Cement Limited,JSWCEMENT,-0.2033898305084746,-0.6954425638216886,1.171919057872945,-1.0,-0.6662815630048436,-1.490702117026602,-0.04614478762809092,-1.2719974049144436,-0.7581279945242986,2.5423525108428704,-0.24485205052777292,-0.48236632536973845,0.9681777004558216,0.0,0.0,0.0,0.0,0.0,1.0
JSW Infrastructure Limited,JSWINFRA,-0.2033898305084746,-0.8763031536682102,0.1330722443234205,0.0,0.14648826659220834,0.42988098163766403,2.0073440968055896,-0.12740248155056388,-0.43533538672142374,0.49440873700162014,-0.0788487050816173,-0.7840078010726477,0.8552151394630311,0.0,0.0,0.0,0.0,1.0,0.0
Jain Resource Recycling Limited,JAINREC,-1.2881355932203389,-0.3040680513581181,0.4715930163249065,-0.3333333333333333,1.1980223172667024,0.6021458408109125,-0.46868979971089264,1.6435001216446359,1.7502908966461328,2.437124418665413,-0.05398857933898598,2.874045181212418,1.2318168257012472,0.0,0.0,0.0,0.0,0.0,1.0
Jana Small Finance Bank Limited,JSFB,-0.2033898305084746,0.19373718712376986,0.21211493665872777,-0.3333333333333333,-0.060959403652723704,1.6292173307533848,-0.008062573897417314,-0.38350498743005457,0.0,0.0,0.0,0.0,0.5226091741765806,1.0,0.0,0.0,0.0,0.0,0.0
Juniper Hotels Limited,JUNIPER,1.2203389830508475,0.07351973520471368,0.023993328900743828,-0.3333333333333333,0.5633264342315804,2.958446106718455,0.8034440912594741,-1.983213040304923,-0.9291067761806981,2.8657051784501237,-0.26434792640018456,-0.8906224605883312,-0.3644413991136555,0.0,0.0,0.0,0.0,1.0,0.0
Jupiter Life Line Hospitals Limited,JLHL,0.06779661016949153,0.6878440996546558,1.171919057872945,1.3333333333333333,-0.0630061308891943,0.2821265446972503,0.4796107901895928,0.035276944286756706,-0.1892026009582478,0.3604013168208184,0.22281824998558006,-0.14171948642938406,-0.09774328078006,0.0,1.0,0.0,0.0,0.0,0.0
Jyoti CNC Automation Limited,JYOTICNC,0.8135593220338984,0.0013007379017995933,-0.40737917952317215,-0.3333333333333333,0.38591150809837693,8.157117662686192,0.3030492610567711,-2.1081015327224075,0.3671629021218345,3.6997962063019294,-0.09257657034088936,-0.34389728587680823,0.12467666611696547,0.0,0.0,1.0,0.0,0.0,0.0
KFin Technologies Limited,KFINTECH,-0.9491525423728814,0.08773525337105281,0.5205110149505138,0.6666666666666666,-0.07040569701431335,-0.038680504825492894,1.8136655142526483,0.5471575703511474,0.419147843942505,-0.3546010346449286,2.7666262905923746,-0.3913538111490331,-0.19790559150248305,0.0,0.0,0.0,1.0,0.0,0.0
KRN Heat Exchanger and Refrigeration Limited,KRN,-0.9491525423728814,-0.3496674958149314,0.023993328900743828,0.0,0.9116263348434269,0.6762446908930072,0.3154618336843497,1.3662314491930903,1.2298254620123203,-0.004911950671474078,0.5993539828113285,0.383552738501544,-0.7729130843407488,0.0,0.0,1.0,0.0,0.0,0.0
KSH International Limited,KSHINTL,1.6271186440677967,0.1290277000490922,-0.11121907667532918,-0.3333333333333333,0.7974284928205061,0.27615641266799146,-0.4755897213926502,0.09609926202254457,0.37342573579739896,0.4720959398024771,-0.09984426371344518,2.2610108889972373,0.41731252883984193,0.0,0.0,0.0,0.0,1.0,0.0
Kalpataru Limited,KALPATARU,1.0169491525423728,0.19373718712376986,3.9745470918185264,-0.3333333333333333,0.41010243584504863,2.7311037949770363,-0.5760647647189142,-1.851836833995621,-1.246697467488022,3.6997962063019294,-0.3110688123666147,-0.9192263936291242,0.5066591517753609,0.0,0.0,0.0,0.0,1.0,0.0
Kalyan Jewellers India Limited,KALYANKJIL,-0.4067796610169492,-1.1437772202946868,-9.972399690239351,0.6666666666666666,0.6683113309630182,0.6191156488989346,-0.4443314580817478,-0.12999756710729068,0.13591718001368921,0.5850708052463813,-0.1523331602930149,0.7736063708759956,2.195832282126845,0.0,0.0,0.0,0.0,0.0,0.0
Kaynes Technology India Limited,KAYNES,-0.3389830508474576,0.494235130095805,-0.573060427918928,0.6666666666666666,1.5187039282149501,0.919172003841899,0.18285718716602165,-0.3543102749168763,-0.13088637919233428,-0.1506505721899983,-0.08311703293534055,-0.20672842515845938,0.5557232988711559,0.0,0.0,1.0,0.0,0.0,0.0
Keystone Realtors Limited,RUSTOMJEE,0.5423728813559322,0.4239841405668552,0.0,0.6666666666666666,-0.06800531581486519,-0.6676810213818621,0.032917891111653046,-0.6894006974292435,-0.7355407255304587,0.5633850655797672,-0.05866066793562897,-0.7398017227368764,0.3145986302019858,0.0,0.0,0.0,0.0,1.0,0.0
Krishna Institute of Medical Sciences Limited,KIMS,2.0338983050847457,0.78733325989774,-9.809636167539649,1.3333333333333333,0.11573634208758991,-0.6645536710494548,0.6064137962757264,0.13567431676263048,-0.20467145790554414,0.3625960181846686,0.407394589606045,-0.28213879408418674,0.5836016043924042,0.0,1.0,0.0,0.0,0.0,0.0
Kross Limited,KROSS,0.8135593220338984,-0.27495512396394095,0.023993328900743828,-0.3333333333333333,0.05806993147005755,0.35793501247669585,-0.06620461737746253,0.37085394534101035,0.5513860369609856,0.21591681036735114,-0.01217050239372432,0.7684056557776695,-0.6964025384885377,0.0,0.0,1.0,0.0,0.0,0.0
Krsnaa Diagnostics Limited,KRSNAA,-0.4745762711864407,0.912480129276433,-7.2417600877144555,1.3333333333333333,-0.3376086374123838,-0.2946108307849786,0.40463724961355346,-0.5349931068039903,-0.5321184120465435,-0.21933949939906985,0.020937878525696563,-0.4719648951730864,-0.5608840480843297,0.0,1.0,0.0,0.0,0.0,0.0
Krystal Integrated Services Limited,KRYSTAL,0.2033898305084746,0.6640853360099486,-0.24832256484685025,-1.0,0.10548828253651403,-0.0024645450275308117,-0.3845048882786468,0.03381720866109774,0.0268138261464749,0.13008831060249795,-0.015169867912556954,0.9738339021615475,-0.2240327663647536,0.0,0.0,0.0,0.0,1.0,0.0
LG Electronics India Limited,LGEINDIA,0.4067796610169492,1.0659413218864502,0.7071717991797543,-0.3333333333333333,-0.5768056340898958,-0.317650281218415,-0.1613748861810446,1.1973886951585428,1.228182751540041,-0.4974133876783195,4.065697640883659,1.5719161384690397,1.929233025525303,0.0,0.0,0.0,0.0,0.0,0.0
Landmark Cars Limited,LANDMARK,-0.2033898305084746,0.3664153931030765,-0.12992435017398246,0.6666666666666666,-0.4144224902055843,-0.7533224920572238,-0.6095875889658875,-0.20541724109966747,-0.15292607802874764,0.8754506976015052,-0.21405087385360785,2.0165772793759147,0.746254953155297,0.0,0.0,0.0,0.0,0.0,0.0
Latent View Analytics Limited,LATENTVIEW,-0.2033898305084746,-0.44444026676679227,-3.731754302125541,1.6666666666666667,0.30253938305544514,-0.2667070409468223,1.1103193345746167,-0.2902441002351798,-0.3555270362765231,-0.5639598683179182,2.4711887869873683,-0.5629774093937918,-0.3202507615030883,0.0,0.0,0.0,1.0,0.0,0.0
Laxmi Organic Industries Limited,LXCHEM,0.9491525423728814,-0.8006668631574486,-10.959414385584981,0.6666666666666666,-0.8736188556627961,-1.0000307792355922,-0.3940893702563099,-0.5249371502716731,-0.5247262149212868,-0.3242671265088572,0.5580550268212494,0.24833414594506759,0.3524940252859817,0.0,0.0,0.0,0.0,0.0,1.0
Le Travenues Technology Limited,IXIGO,-0.2033898305084746,-1.0868958224456502,1.0010120014502901,0.0,0.6691103248346303,8.157117662686192,-0.48802465728858757,-0.7837969345551864,-0.900770020533881,-0.3298322621100486,1.046374805329642,-0.07671054770030887,-0.2360280371420145,0.0,0.0,0.0,1.0,0.0,0.0
Lenskart Solutions Limited,LENSKART,-0.3389830508474576,0.1684330175336558,-0.04058573047887275,0.0,1.668087502048786,3.607606994044559,-0.5528846648410486,-1.1067228935203959,-1.1103524982888433,-0.34117155248994097,-0.22258752956105435,-0.46416382252559735,1.186027718900605,0.0,0.0,0.0,0.0,0.0,0.0
Life Insurance Corporation of India,LICI,3.1864406779661016,0.9079531447344978,-0.09910837649200263,0.6666666666666666,-0.6778539635658742,8.157117662686192,-0.5404593274195576,1.5928148568648122,-1.2832477754962355,-0.5639598683179182,7.586722039568553,-0.9270274662766131,4.607283790050471,1.0,0.0,0.0,0.0,0.0,0.0
Likhitha Infrastructure Limited,LIKHITHA,0.0,-0.8691463609352463,-4.302803649533035,0.6666666666666666,-0.3105236116264791,-0.5852664613328856,0.4952253922570614,0.31327548455113113,0.4771902806297057,-0.5639598683179182,4.5395973928592035,0.3757516658540549,-0.9761835885591054,0.0,0.0,0.0,0.0,1.0,0.0
M&B Engineering Limited,MBEL,1.4915254237288136,0.13126476634873527,-0.144583176752533,-0.3333333333333333,-0.2554411960896065,0.6061341741585291,-0.2036383627582849,0.1684372719163082,0.3957392197125256,0.26451376913831864,-0.07458037722789405,0.5109702584105316,-0.23600520678632622,0.0,0.0,1.0,0.0,0.0,0.0
MTAR Technologies Limited,MTARTECH,0.2711864406779661,0.47645329238903134,-12.504905747781393,1.3333333333333333,0.34399648776285613,-0.2723370550066017,0.5451842942764356,-0.3595004460303304,-0.294883641341547,-0.18249986936301407,0.08565495760512207,-0.4485616772306193,-0.4902974508818294,0.0,0.0,1.0,0.0,0.0,0.0
Macrotech Developers Limited,LODHA,0.5423728813559322,0.33170694317602045,-11.353880206980655,1.3333333333333333,-0.2943491374069879,0.08889921452391997,0.9594920734005138,-0.4311896845349122,-0.24984599589322393,0.48367037675706764,-0.02278364192190111,-0.8126117341134408,1.655746351648437,0.0,0.0,0.0,0.0,1.0,0.0
Mangal Electrical Industries Limited,MEIL,-0.3389830508474576,0.4552335222764026,0.0008553771444114913,0.0,0.3181966229073253,0.7495806175563953,-0.1083307100832172,0.2206633687454382,0.5568617385352497,0.5518367560223651,-0.12095518255753589,0.7241995774418987,-0.800651435419335,0.0,0.0,1.0,0.0,0.0,0.0
Mankind Pharma Limited,MANKIND,0.8135593220338984,1.019356356863133,0.023993328900743828,2.0,-0.2570756778006659,-0.3515443502071239,0.6943762471874872,0.13648528099910778,0.09922997946611897,-0.2518942362961802,1.4534809944050298,-0.2145294978059484,1.54120302153774,0.0,1.0,0.0,0.0,0.0,0.0
Manoj Vaibhav Gems N Jewellers Limited,MVGJL,0.9491525423728814,-0.3694026493622852,0.32586288553565396,0.3333333333333333,-0.4306883094122815,0.041031177420470875,-0.3872124002292665,0.0018652177438974688,0.3122347707049966,0.6736949365104249,-0.1360673703639614,1.0336421257922965,0.3258679788918879,0.0,0.0,0.0,0.0,0.0,0.0
Mazagon Dock Shipbuilders Limited,MAZDOCK,4.677966101694915,-0.7071759227090214,4.947589890566755,1.6666666666666667,0.08277463868031099,0.3690612709688209,0.534110206402469,0.6640986132511555,0.6080595482546204,-0.5400794272874536,7.586722039568553,-0.7111977896960833,1.516361290777183,0.0,0.0,1.0,0.0,0.0,0.0
MedPlus Health Services Limited,MEDPLUS,-0.2033898305084746,0.7565114105351283,-7.73814999421914,0.6666666666666666,-0.26281956096473397,-0.037432828582476346,-0.5658883812339681,-0.7069175249371504,-0.7330766598220397,-0.32659246485865073,-0.2112822287593009,1.0804485616772306,1.0001358662709152,0.0,1.0,0.0,0.0,0.0,0.0
Medi Assist Healthcare Services Limited,MEDIASSIST,0.2033898305084746,0.20200956302379885,0.0861004625624559,0.0,0.041064685709411256,-0.3293380988534719,0.33669572506505085,0.034303787202984354,0.012850787132101383,-0.3961697235721377,0.9713906673588281,-0.25613521859255645,-0.4711789008420317,0.0,1.0,0.0,0.0,0.0,0.0
Meesho Limited,MEESHO,-0.8135593220338984,-0.9358018177899514,1.076457458790025,-0.3333333333333333,0.9493635514130229,0.6488285397088048,-2.7820249403459445,-2.1081015327224075,-1.512542778918549,-0.13497413387678323,-0.48500317240583724,0.799609946367626,1.4603649721913792,0.0,0.0,0.0,1.0,0.0,0.0
Metro Brands Limited,METROBRAND,1.7627118644067796,0.3561487411960095,-5.168163045219781,0.6666666666666666,-0.04481115047206105,-0.13959985535082897,0.764798929376929,0.4003730435487792,0.04091375770020543,-0.10594659560014623,0.04885504989329188,-0.2379327157484155,0.3789495766064451,0.0,0.0,0.0,0.0,0.0,0.0
Midwest Limited,MIDWESTLTD,1.4915254237288136,1.0073060176915811,-0.5244738937176403,0.3333333333333333,-0.8179718777513385,-0.25741967141658695,0.6662009602678521,0.11004784688995196,0.06897672826830924,-0.12026440925954954,0.3793620580261869,-0.2379327157484155,-0.7156385414992658,0.0,0.0,0.0,0.0,0.0,1.0
Motisons Jewellers Limited,MOTISONS,-0.5423728813559322,-1.5335640270475828,1.2040288684735778,0.0,-0.47328662197338867,0.37209742599034035,0.14854933050129115,-0.25310193820452553,0.13701232032854194,0.2480796363066312,0.021168598950222172,0.09751340809361284,-0.9233612786696099,0.0,0.0,0.0,0.0,0.0,0.0
Mrs. Bectors Food Specialities Limited,BECTORFOOD,0.5423728813559322,-0.11831969871135882,-11.153565532053165,0.3333333333333333,-0.06718615405378131,0.000255811502483561,-0.15302518356798944,-0.06933744221879819,-0.14074264202600972,-0.25928828970058,0.4771875180250332,0.6539899236144973,0.1182298956451378,0.0,0.0,0.0,0.0,0.0,0.0
Mukka Proteins Limited,MUKKA,-0.4745762711864407,-2.1010638830208728,5.58701801545844,-1.0,-0.20256747181028745,-0.06612823797164642,-0.3223895919173206,0.28456735057983906,0.7674024640657079,1.176490568009615,-0.13468304781680795,0.7606045831301805,-0.1286110476803869,0.0,0.0,0.0,0.0,0.0,1.0
Muthoot Microfin Limited,MUTHOOTMF,0.7457627118644068,-0.10941371345138928,-0.46667436968453657,0.0,0.4053060989663878,0.24405482361078956,2.4215166742999283,-0.8138026113048417,0.4305099247091035,3.6997962063019294,-0.2807290765415008,-0.8932228181374942,0.21841730858922218,1.0,0.0,0.0,0.0,0.0,0.0
Nazara Technologies Limited,NAZARA,0.0,1.0359488614390757,-12.720604855532242,1.6666666666666667,1.3076099042884577,-0.24735924887156935,0.18782848683350992,-0.9987024572216366,-0.6024811772758385,-0.502717249307624,2.191324912037838,-0.5473752640988138,0.4042007007850726,0.0,0.0,0.0,1.0,0.0,0.0
Nephrocare Health Services Limited,NEPHROPLUS,-0.4067796610169492,0.28439106255888513,-0.5403714943732356,-0.3333333333333333,0.5726846990835847,8.157117662686192,-0.35905701002951407,-0.9597761738707324,-0.8350616016427104,-0.012906934211213875,-0.24254484628251713,-0.2665366487892085,-0.3962516112218725,0.0,1.0,0.0,0.0,0.0,0.0
Netweb Technologies India Limited,NETWEB,0.2711864406779661,0.3561487411960095,0.023993328900743828,0.6666666666666666,2.216884175298605,0.9606478215128055,0.09794881029290785,1.4786310923688268,1.4977241615331964,-0.16185922558394727,0.8255753590586606,0.6175849179262148,0.1617339565300006,0.0,0.0,0.0,1.0,0.0,0.0
Niva Bupa Health Insurance Company Limited,NIVABUPA,-0.3389830508474576,-1.281628913703872,1.076457458790025,-1.0,0.5591339907351364,2.785537587271896,-0.8344010859265705,-1.619252290973968,-1.405082135523614,-0.31655954433819306,-0.48500317240583724,-0.30034129692832784,0.9716513263719866,1.0,0.0,0.0,0.0,0.0,0.0
Ola Electric Mobility Limited,OLAELEC,-0.9491525423728814,-1.2589331676881421,0.7071717991797543,-1.0,0.5799513796702693,-1.490702117026602,-3.4218833141577627,-2.1081015327224075,-1.512542778918549,0.4787671352179898,-0.48500317240583724,-0.4771656102714124,0.7488617119044424,0.0,0.0,1.0,0.0,0.0,0.0
Om Freight Forwarders Limited,OMFREIGHT,0.5423728813559322,-0.7683638891827431,0.5047485487267043,-0.3333333333333333,-0.8736188556627961,-0.20542521820417692,-0.4325653939111987,-0.3661503527694431,-0.02588980150581778,-0.0591262998380101,0.010901540058833814,0.7241995774418987,-0.9432489233174055,0.0,0.0,0.0,0.0,1.0,0.0
One 97 Communications Limited,PAYTM,0.2033898305084746,1.6127196350321065,-4.504050020622975,0.6666666666666666,-0.31319784017935415,1.9274932339465474,-2.072484037785632,-1.9439623712594278,-1.512542778918549,-0.28005957046559027,-0.48500317240583724,-0.6279863481228671,1.2101523424098741,1.0,0.0,0.0,0.0,0.0,0.0
One MobiKwik Systems Limited,MOBIKWIK,-0.3389830508474576,-0.14560315931034912,0.07051802759356696,-0.3333333333333333,-0.03969190352005665,0.5176734223860112,-1.372731885055263,-2.1081015327224075,-1.512542778918549,1.6930292104300575,-0.48500317240583724,-0.08451162034779777,-0.3086882954104928,1.0,0.0,0.0,0.0,0.0,0.0
Orient Technologies Limited,ORIENTTECH,0.4067796610169492,-0.40610557459034585,0.9061558196493543,-0.3333333333333333,-0.23253386554646904,-1.3424813709360948,-0.28384869519207645,0.4506528262103639,0.6387234770704994,-0.4023880441030464,1.5649189594508854,1.3872907524784657,-0.5099728619100204,0.0,0.0,0.0,1.0,0.0,0.0
Orkla India Limited,ORKLAINDIA,0.4745762711864407,0.6819654908319089,-0.5094473944678181,0.0,-0.660293401049664,-0.009950523200842297,0.09849522462897656,-0.4436785337766606,-0.5056981519507188,-0.4873020849662956,1.785603045509604,-0.2145294978059484,0.26860680093467026,0.0,0.0,0.0,0.0,0.0,0.0
Oswal Pumps Limited,OSWALPUMPS,0.0,0.5329523410520545,-0.2719764969856043,-1.0,1.6744383910355514,1.801341542766015,0.4645965922056142,1.9259589652096345,1.7502908966461328,0.8102367142185295,0.1939781969198823,0.6617909962619863,0.12216065487841773,0.0,0.0,1.0,0.0,0.0,0.0
P N Gadgil Jewellers Limited,PNGJL,-0.6779661016949152,0.321016038803756,0.023993328900743828,-0.3333333333333333,1.0752395994978237,0.6019635526505552,-0.5446333105414407,0.7956370124077528,0.6888261464750173,0.7276741391022629,-0.02612908807752203,2.843490980009752,1.3216114443985387,0.0,0.0,0.0,0.0,0.0,0.0
PB Fintech Limited,POLICYBZR,-0.3389830508474576,0.9356448514847693,-2.360160108195427,2.0,1.2546510145516432,3.0598894349424928,-1.5440060004096445,-1.3962371259427462,-1.4157597535934292,-0.5522809217745729,-0.48500317240583724,-0.4641638225255975,1.0210310443390052,1.0,0.0,0.0,0.0,0.0,0.0
Pace Digitek Limited,PACEDIGITK,-0.2711864406779661,-0.3535785618150845,0.0832645203861355,0.0,1.8828675874370506,1.928115250643738,0.10058396095876755,0.13583650960992613,0.5552190280629704,0.14312588179965519,-0.09326873161446612,-0.18332520721599227,0.3066562771327496,0.0,0.0,0.0,0.0,1.0,0.0
Paradeep Phosphates Limited,PARADEEP,1.4915254237288136,-1.7613653274123713,5.58701801545844,0.6666666666666666,0.38097143244633364,0.008989721675413061,-0.38197418819721984,-0.3233314410834484,-0.020414099931553693,1.0065841040915504,-0.14702659052892655,0.39395416869819627,1.8371736926378095,0.0,0.0,0.0,0.0,0.0,1.0
Paras Defence and Space Technologies Limited,PARAS,-0.4067796610169492,-0.5460150110370555,1.8783348910866342,0.6666666666666666,0.30585291054839187,0.18779034758836022,0.7200948018097536,-0.5340199497202174,-0.47681382614647505,-0.495166431520092,0.35605929514910306,-0.5811799122379329,-0.9282013361433434,0.0,0.0,1.0,0.0,0.0,0.0
Park Medi World Limited,PARKHOSPS,-0.5423728813559322,-0.6121893584929907,-0.1362584110412507,-0.3333333333333333,-0.5089696493273138,-0.3561611758477046,0.9536799883299651,0.6384721433784767,0.44912731006160167,0.27979829649370336,0.04158735652073606,-0.22493092800260045,-0.02211546387101775,0.0,1.0,0.0,0.0,0.0,0.0
Patel Retail Limited,PATELRMART,-0.2711864406779661,-0.222883661138864,5.368860184613037,-0.3333333333333333,-0.6634185532840446,0.20729671690415424,-0.523189596918046,0.2805125293974534,0.5936858316221765,1.7658462663949417,-0.16190805791082652,2.05558264261336,-0.37113700652136833,0.0,0.0,0.0,0.0,0.0,0.0
Physicswallah Limited,PWL,-1.152542372881356,-0.9513407710727165,1.3339410379678414,-0.3333333333333333,2.216884175298605,-1.490702117026602,-1.0387039759527317,1.9259589652096345,-0.9107631759069132,-0.5639598683179182,7.586722039568553,-0.1807248496668291,0.6197890137489622,0.0,0.0,0.0,1.0,0.0,0.0
Pine Labs Limited,PINELABS,0.3389830508474576,-0.3457740870577409,-0.034741471711479094,-1.0,0.4887239674656659,8.157117662686192,-1.2678703471235087,-1.5847052145000409,-1.512542778918549,0.02701572869310766,-0.4798408029070773,-0.9036242483341462,0.34871319517699606,1.0,0.0,0.0,0.0,0.0,0.0
Platinum Industries Limited,PLATIND,-1.152542372881356,-0.5658409088971075,0.7071717991797543,-0.3333333333333333,0.18638071696536732,0.09952104885498567,0.413645785647251,1.477333549590463,1.7000513347022586,-0.1532110571144902,0.9813116456134279,0.5421745490004878,-0.9687801062419232,0.0,0.0,0.0,0.0,0.0,1.0
Popular Vehicles and Services Limited,PVSL,1.3559322033898304,-0.09768035456405648,0.24399995492278784,-0.3333333333333333,-0.25511027432944217,-1.490702117026602,-0.686465206377129,-0.6295515367772283,-0.4800992470910336,1.1505983173956216,-0.26400184576339614,2.614659515683407,0.9387649123161966,0.0,0.0,0.0,0.0,0.0,0.0
Premier Energies Limited,PREMIERENE,0.5423728813559322,0.2654782744255778,0.3124464607963252,-0.3333333333333333,2.216884175298605,8.157117662686192,0.08940969916196861,0.30873408482685916,-0.02383641341546911,1.255081778753201,-0.04689392628482435,-0.15732163172436228,1.1035334002357307,0.0,0.0,1.0,0.0,0.0,0.0
Protean eGov Technologies Limited,PROTEAN,0.5423728813559322,1.2311979593489806,-5.436982147862521,150.0,-0.6469751139620571,-0.6678117628122641,0.28958408441444344,-0.2866758575946804,-0.2974845995893224,-0.5392694779746042,7.586722039568553,-0.24833414594506728,-0.36340733289719956,0.0,0.0,0.0,1.0,0.0,0.0
Prudent Corporate Advisory Services Limited,PRUDENT,0.0,0.5551015797143061,1.466258988378653,0.6666666666666666,0.4614754479644233,0.07184336324395701,0.7905238158249179,1.182304760360068,1.227224503764545,-0.4814495479960287,4.0810405491146104,0.32114415732163165,-0.1997061510825087,1.0,0.0,0.0,0.0,0.0,0.0
Pyramid Technoplast Limited,PYRAMID,0.4067796610169492,-0.5912819448255695,10.502140228481313,0.3333333333333333,-0.3675490955626152,-0.4589071620667782,-0.290058359257309,0.3439299326899685,0.33947638603696073,0.012201494487119255,0.33379477418238457,1.1714610758979362,-0.6896264457950595,0.0,0.0,1.0,0.0,0.0,0.0
Quality Power Electrical Equipments Limited,QPOWER,0.13559322033898305,0.2162979846101694,1.7038086264103216,0.0,1.306986867244356,0.36950280319190304,0.7253571027924778,0.6653961560295188,0.567950034223135,-0.2861995088049329,1.515660148814674,-0.19632699496180717,-0.40796589572035397,0.0,0.0,1.0,0.0,0.0,0.0
R R Kabel Limited,RRKABEL,0.5423728813559322,0.9826881165577523,0.08670053148673848,-0.3333333333333333,0.017410276462810025,-0.04211145172316405,-0.4018471436496339,0.04598167220825549,0.22339151266255977,-0.23598265140826666,0.1841725788775452,1.6785307979847228,1.2474246904762867,0.0,0.0,1.0,0.0,0.0,0.0
RBZ Jewellers Limited,RBZJEWEL,-0.3389830508474576,-1.024954129565673,0.023993328900743828,0.0,0.2246839598839588,0.2830228874430161,-0.0175960638781305,0.1895223420647148,0.433110882956879,0.22822281444322517,-0.04885504989329178,0.6799934991061272,-0.7412423212581779,0.0,0.0,0.0,0.0,0.0,0.0
RailTel Corporation of India Limited,RAILTEL,0.2033898305084746,-1.0777699322603687,-10.194612301017317,0.6666666666666666,0.30798655001569986,-0.23327619485445916,0.0989367707799677,-0.13972913794501668,-0.11172142368240949,-0.1537074776610754,4.61181288573571,-0.31854379977246894,0.6536495719450744,0.0,0.0,0.0,0.0,1.0,0.0
Rainbow Childrens Medicare Limited,RAINBOW,0.3389830508474576,0.42557379737628115,-0.5028860079565168,1.6666666666666667,-0.31743846737891684,-0.11686802383550061,0.9461510385692546,0.26640175168275093,-0.05299452429842564,-0.02955008622041064,-0.03108957720482204,-0.29254022428083865,-0.0069925488902251335,0.0,1.0,0.0,0.0,0.0,0.0
Rashi Peripherals Limited,RPTECH,0.9491525423728814,-0.052281000264735936,0.39963165178725646,-0.3333333333333333,-0.36505264240162966,-0.27152947124050225,-0.6645783110369019,0.1110210039737246,0.5736995208761121,0.6083503161415064,-0.12130126319432424,3.015114578254512,1.600050224133917,0.0,0.0,0.0,1.0,0.0,0.0
RateGain Travel Technologies Limited,RATEGAIN,-0.6101694915254238,0.2162979846101694,-0.7395590790581725,0.6666666666666666,1.3697380003562838,1.8518725489048744,0.19883308414158385,-0.5581866839672373,-0.6293121149897329,-0.4164184563933741,4.418123089346485,-0.4381602470339672,0.048374838849557164,0.0,0.0,0.0,1.0,0.0,0.0
Ratnaveer Precision Engineering Limited,RATNAVEER,0.06779661016949153,-1.0422024760244244,0.28889926635587004,-0.3333333333333333,0.22131699180053171,0.7067415557785359,-0.3005223840214717,-0.0805287486821833,0.13187885010266953,1.4913779589277318,-0.12049374170848466,0.3581992523972045,-0.358117161015587,0.0,0.0,1.0,0.0,0.0,0.0
Regaal Resources Limited,REGAAL,-0.6101694915254238,-1.0080440078685582,2.3146505527774446,0.0,0.4679276188627506,-0.07069934201202077,-0.19205032153735532,0.2385045819479359,-0.2728439425051335,2.0015153890369444,-0.1691757512833823,0.33934666016577275,-0.3206545274662799,0.0,0.0,0.0,0.0,0.0,1.0
Rishabh Instruments Limited,RISHABH,1.423728813559322,0.24809471344270068,0.5832391968615526,1.3333333333333333,-0.40225267620146987,-0.23351644628313023,-0.14552693439360145,-0.4788743816397699,-0.535814510609172,-0.32215080733657314,0.47061198592605413,-0.05590768730700477,-0.5792284007289841,0.0,0.0,1.0,0.0,0.0,0.0
Rolex Rings Limited,ROLEXRINGS,0.0,0.8622838684160381,-7.187334968488879,1.3333333333333333,-0.8736188556627961,-0.46522587085249323,0.5459097560128612,0.30094882815667834,0.41942162902121854,-0.44873804671578615,4.162138778335351,0.1417194864293842,-0.28415816763744906,0.0,0.0,1.0,0.0,0.0,0.0
Rossari Biotech Limited,ROSSARI,0.0,0.2162979846101694,-11.734713753666329,0.6666666666666666,-0.4370798807909079,-0.2785490219411687,-0.1654983765228835,-0.30062444246208764,-0.2561430527036277,-0.2615613732559962,0.2087443040895196,0.341947017714936,0.2299608046432149,0.0,0.0,0.0,0.0,0.0,1.0
Route Mobile Limited,ROUTE,-0.06779661016949153,0.04929374400552655,-9.247714482028787,1.3333333333333333,0.5100179696444654,-0.0015067822459046403,-0.10895023422017265,-0.04452193658259681,-0.18143394934976034,-0.4682421487171448,0.9858395339447427,0.2736876320494067,0.7016457406656863,0.0,0.0,0.0,1.0,0.0,0.0
Rubicon Research Limited,RUBICON,0.2711864406779661,0.3299343041656094,-0.10982513434979159,-1.0,1.5124509687642593,8.157117662686192,-0.3246653169038515,-0.6131700592003896,-0.5347878165639973,0.6305781992997861,-0.07186941223971845,-0.2528847716561028,-0.004043465605416858,0.0,1.0,0.0,0.0,0.0,0.0
Ruchi Soya Industries Limited,RUCHISOYA,1.152542372881356,-1.9388897870832449,254.28694517921406,0.0,-0.39523065478914743,-0.05552348614038659,-0.5310388123572453,-0.36777228124239736,-0.37948323066392897,-0.28024246224591104,0.23285458845244292,1.7695433122054292,2.279886398151475,0.0,0.0,0.0,0.0,0.0,0.0
S J S Enterprises Limited,SJS,-0.13559322033898305,0.42557379737628115,-7.6876042378280856,2.0,0.2730612048246344,0.15059100718498825,0.6111031883602975,0.08604330549022773,0.13139972621492108,-0.4616711083241888,1.5900674857241737,-0.06370875995449367,-0.43320114973446583,0.0,0.0,1.0,0.0,0.0,0.0
SAMHI Hotels Limited,SAMHI,-0.4745762711864407,-0.8274097370300082,1.466258988378653,-0.6666666666666666,0.9224039440052889,3.99382930418647,0.10134090725941232,0.7044846322277184,-0.8913244353182752,-0.5639598683179182,-0.3069158447251542,-0.7918088737201366,-0.2339477077026605,0.0,0.0,0.0,0.0,1.0,0.0
SBFC Finance Limited,SBFC,-0.3389830508474576,-1.503301673763241,0.7071717991797543,1.0,0.5922868712695574,0.7353838681923952,3.6427836329080376,-0.5255859216608549,0.4201060917180012,2.0113131629827037,-0.24542885158908687,-0.9608321144157324,-0.03562734147178008,1.0,0.0,0.0,0.0,0.0,0.0
SBI Cards and Payment Services Limited,SBICARD,0.3389830508474576,0.7109658217595236,-11.237140528877216,1.6666666666666667,0.6497630052468059,-0.34885954050866336,1.130426449709476,0.2253669613170058,0.21271389459274465,3.6997962063019294,-0.2509661417777008,-0.8282138794084188,1.7939691125314812,1.0,0.0,0.0,0.0,0.0,0.0
SRM Contractors Limited,SRM,-0.3389830508474576,-0.38960002626100265,-0.5941205251612282,0.0,0.9477341226467364,0.6557535762917289,0.007541345460025991,0.9630200308166411,0.8410506502395619,0.0030307780738883638,0.22985522293361038,0.9842353323581994,-0.38849853289998565,0.0,0.0,0.0,0.0,1.0,0.0
Saatvik Green Energy Limited,SAATVIK,-0.8135593220338984,0.293694157899514,-0.11558076717777861,-1.0,2.216884175298605,2.5936341158405796,-0.22521273609580741,1.9259589652096345,1.5382443531827514,3.4766943617076875,-0.007440733690949966,1.3742889647326515,0.6962019874704302,0.0,0.0,1.0,0.0,0.0,0.0
Sagility India Limited,SAGILITY,-1.2203389830508475,-2.043550003607052,4.3507903073344965,-0.3333333333333333,2.216884175298605,8.157117662686192,-0.026604918871927043,-0.9046306057902848,-0.9076146475017112,0.023984950619219392,-0.05266193689796381,-0.6175849179262151,1.0335645876733743,0.0,0.0,0.0,1.0,0.0,0.0
Sai Life Sciences Limited,SAILIFE,0.2711864406779661,0.43662009666451707,-0.18879996512060496,-0.3333333333333333,0.2088197787945727,2.9239332442371015,0.08431667747447999,-0.7327061876571244,-0.5924880219028064,0.1146208914667922,-0.1009978658360731,-0.42775881683731515,0.17458371554831556,0.0,1.0,0.0,0.0,0.0,0.0
Sai Silks (Kalamandir) Limited,KALAMANDIR,-0.3389830508474576,-0.34189817682591805,1.076457458790025,-0.3333333333333333,-0.5648277085004666,-0.005480188073193613,-0.001890869831438259,-0.09058470521450011,-0.058607118412046494,0.10973506819250667,-0.08819288227490334,0.17812449211766596,-0.03865948441696456,0.0,0.0,0.0,0.0,0.0,0.0
Sambhv Steel Tubes Limited,SAMBHV,-0.9491525423728814,-1.1942236806134638,2.873347436649796,-0.3333333333333333,0.47572646619962367,-0.13415770676822553,-0.1064439440092916,0.7025383180601734,0.2949863107460644,0.7778648691017405,-0.08057910826555917,0.7059970745977575,0.2304784528459191,0.0,0.0,1.0,0.0,0.0,0.0
Sanathan Textiles Limited,SANATHAN,-0.13559322033898305,-0.025074056996431664,-0.016444026037892714,-0.6666666666666666,-0.8466383754998965,-1.1239508083100704,-0.2582561075642235,-0.07501419187413856,-0.22616358658453112,0.028923028687882192,0.22731729826382896,0.5551763367463025,0.5647916842921897,0.0,0.0,0.0,0.0,0.0,1.0
Sansera Engineering Limited,SANSERA,1.4915254237288136,0.6983256563319269,-9.467045204437866,0.6666666666666666,-0.3052514347244068,0.003445418140015845,-0.021204428416286603,-0.32657529802935714,-0.30446611909650934,-0.0025604849244917956,0.007440733690950017,0.016902324069559584,0.5109011678626685,0.0,0.0,1.0,0.0,0.0,0.0
Sanstar Limited,SANSTAR,1.423728813559322,-1.0687396028901806,0.7071717991797543,-1.0,-0.4723811616103121,-0.07904711008048428,-0.40841387017984865,0.022463709350417298,-0.06805270362765212,-0.01711344515859324,0.30322431793274507,1.4496993336583786,-0.5787074727086807,0.0,0.0,0.0,0.0,0.0,1.0
Sapphire Foods India Limited,SAPPHIRE,-0.4067796610169492,1.0956561847863517,0.24399995492278784,0.3333333333333333,-0.29110303915737346,-1.490702117026602,-0.42644456573465034,-0.8368339956207934,-0.8699691991786449,-0.2257145843131107,-0.26157928130587754,0.027303754266211636,0.4231046252831437,0.0,0.0,0.0,0.0,0.0,0.0
Saraswati Saree Depot Limited,SSDL,-1.2203389830508475,-0.6228362662540637,0.023993328900743828,0.0,-0.8736188556627961,-0.1550584708615892,-0.47030076001114024,1.9259589652096345,1.7502908966461328,1.369702670219993,0.8110399723135491,2.424833414594507,-0.7423622812199709,0.0,0.0,0.0,0.0,0.0,0.0
Scoda Tubes Limited,SCODATUBES,-0.3389830508474576,-0.7372273456817026,0.0,-0.3333333333333333,0.34066750455973677,1.879515757323149,-0.13046785144004125,0.15854350823128702,0.41230321697467487,2.3515963839682295,-0.21405087385360785,0.30814236957581687,-0.8759913457527494,0.0,0.0,0.0,0.0,0.0,1.0
Senco Gold Limited,SENCO,0.6101694915254238,-0.03585405454903061,0.14683614532314834,0.6666666666666666,0.146212580354564,0.39314265014115213,-0.32827216478057514,0.02878923039493933,0.39382272416153324,0.9238125097977742,-0.14818019265155444,0.6825938566552902,1.1461864814791631,0.0,0.0,0.0,0.0,0.0,0.0
Senores Pharmaceuticals Limited,SENORES,-0.9491525423728814,0.14456665333185734,-0.34118390968829876,0.0,2.216884175298605,3.72158447359339,0.7522452149521018,-0.35220176790203567,-0.5614134154688569,0.3600616606573656,-0.05254657668570108,-0.7346010076385504,-0.6940012547085518,0.0,1.0,0.0,0.0,0.0,0.0
Seshaasai Technologies Limited,STYL,0.6779661016949152,0.2122396779446538,-0.06806618127871984,-0.3333333333333333,0.11506620843727279,0.71992658903241,0.38829347822054244,1.202254480577406,1.1218172484599591,0.32957098813816155,0.15348676241564294,0.5707784820412809,-0.13973786447902034,0.0,0.0,0.0,1.0,0.0,0.0
Shanti Gold International Limited,SHANTIGOLD,-0.6779661016949152,-0.43577297195255554,0.08922142405300365,-1.0,1.2914089756889282,1.7885032199355797,-0.3574547540575988,0.809909982969751,0.9901266255989052,1.675210325547369,-0.06535156024687086,1.8943604745652531,0.10183912722673794,0.0,0.0,0.0,0.0,0.0,0.0
Shree Tirupati Balajee Agro Trading Company Limited,BALAJEE,0.13559322033898305,-1.183895550283636,2.682627616854002,-1.0,-0.7564446086059826,-0.5494667187860129,-0.20687579634751097,-0.3423080042170142,-0.019318959616700975,0.9789674452631029,-0.2035530945376939,0.2327320006500892,-0.8075853696822953,0.0,0.0,0.0,0.0,0.0,1.0
Shreeji Shipping Global Limited,SHREEJISPG,-1.423728813559322,-0.23304945950116782,-0.5941205251612282,-0.3333333333333333,-0.7545093438387077,-0.1635177900224332,0.9115879394638908,1.9259589652096345,1.285814510609172,0.5435804985107385,0.3521370479321682,0.14692020152770993,-0.6373459879098302,0.0,0.0,0.0,0.0,1.0,0.0
Shringar House of Mangalsutra Limited,SHRINGARMS,-0.4067796610169492,-0.5964614713558317,2.77740958790405,-0.3333333333333333,0.3770581430521184,0.5680675066501369,-0.5048151635155501,0.6019787527370041,0.7201745379876793,0.2087056487432723,0.3356405375785891,3.849829351535836,0.17743674045815744,0.0,0.0,0.0,0.0,0.0,0.0
Shriram Properties Limited,SHRIRAMPPS,0.2033898305084746,-0.8835198365761985,-1.956066305297763,1.3333333333333333,0.28517091402577927,0.5615903325004998,0.6280524777722338,-0.8395912740248157,-0.4438227241615332,0.39334796467575894,-0.25408086750879616,-0.856817812449212,-0.19089236320861075,0.0,0.0,0.0,0.0,1.0,0.0
Shyam Metalics and Energy Limited,SHYAMMETL,0.06779661016949153,-0.06621326733534823,-10.411222913204233,0.6666666666666666,-0.2894954392678709,-0.7245874470405963,-0.05504219669347112,-0.1645446435812182,-0.14922997946611916,-0.39758060302032716,1.281017477072158,0.1911262798634813,1.7218530363257858,0.0,0.0,0.0,0.0,0.0,1.0
Sigachi Industries Limited,SIGACHI,0.9491525423728814,-0.6069147941914949,-9.771025597737681,2.0,-0.1891763002473347,-1.490702117026602,0.37537767832035557,-0.5666207120265998,-0.22643737166324443,-0.3121701416104928,0.5754744188729307,-0.2561352185925566,-0.9378144630830427,0.0,0.0,0.0,0.0,0.0,1.0
Signatureglobal (India) Limited,SIGNATURE,0.2033898305084746,0.13126476634873527,-0.144583176752533,-0.3333333333333333,0.48038468195931,8.157117662686192,-0.7728367132412802,-1.5495093666369313,-1.330886379192334,3.6997962063019294,-0.2924958181923054,-0.8932228181374942,0.3310305510490558,0.0,0.0,0.0,0.0,1.0,0.0
Smartworks Coworking Spaces Limited,SMARTWORKS,-0.8135593220338984,0.1790667968388359,-0.19925663804548013,-1.0,1.282283194855032,1.770316411680242,0.2963431390487293,-2.1081015327224075,-0.9649726214921287,3.6997962063019294,-0.3145296187344984,-0.849016739801723,0.03473160844516679,0.0,0.0,0.0,0.0,1.0,0.0
Solarworld Energy Solutions Limited,SOLARWORLD,-0.6779661016949152,0.05174719822057655,0.35682386570331964,-0.3333333333333333,2.216884175298605,4.459118886277407,0.2123292281074585,1.7684697104857678,1.7033367556468177,2.29424674713905,0.1492184345619197,0.7554038680318548,-0.15983651708659172,0.0,0.0,0.0,0.0,1.0,0.0
Sona BLW Precision Forgings Limited,SONACOMS,0.5423728813559322,-0.10941371345138928,-7.603659076379416,0.6666666666666666,-0.038853546052693685,-0.2058415492157914,0.6064854480261892,-0.04614386505555112,-0.0880390143737168,-0.45691592203584686,1.3749206898540693,-0.1911262798634813,0.6936750872055307,0.0,0.0,1.0,0.0,0.0,0.0
Sri Lotus Developers and Realty Limited,LOTUSDEV,-0.8135593220338984,-0.6781365267200469,4.3507903073344965,-0.3333333333333333,2.216884175298605,2.385660467381925,1.6245858825564783,1.6120752574811454,1.3250684462696782,2.610871609970215,7.586722039568553,-0.5714285714285715,-0.5586053711989113,0.0,0.0,0.0,0.0,1.0,0.0
Star Health and Allied Insurance Company Limited,STARHEALTH,-0.13559322033898305,0.8622838684160381,-4.302803649533035,0.6666666666666666,-0.3830169633850502,2.5287107743994497,-0.6746543068388163,-0.9568567026194148,-0.9415639972621493,-0.4821288603229346,0.0326757801234354,-0.133918413781895,1.685155706561714,1.0,0.0,0.0,0.0,0.0,0.0
Stove Kraft Limited,STOVEKRAFT,0.0,0.13126476634873527,-12.282091583787514,0.6666666666666666,-0.6306453401571206,-0.6375838582358432,-0.4631184976567769,-0.4696293893439301,-0.3407426420260095,-0.07890473950985002,-0.12326238680279167,0.6253859905737041,-0.07136497082324102,0.0,0.0,0.0,0.0,0.0,0.0
Studds Accessories Limited,STUDDS,1.3559322033898304,0.4912968356862777,-0.5307242324369356,-0.6666666666666666,-0.6569560306547287,0.09943796182774352,0.07646950381927864,-0.20217338415375885,-0.1897501711156742,-0.4823117521032555,2.917632808444368,0.21973021290427444,-0.7312619427920426,0.0,0.0,0.0,0.0,0.0,0.0
Sudeep Pharma Limited,SUDEEPPHRM,0.9491525423728814,0.5029904192547875,0.17721885427529346,-1.0,-0.17174476851312928,0.19343238678526847,1.2279573357483466,1.077041602465331,1.1092915811088293,-0.17241469404817886,1.5773778623752668,-0.11311555338859092,-0.7035349623967809,0.0,1.0,0.0,0.0,0.0,0.0
Sula Vineyards Limited,SULA,0.0,0.06632312675231651,-0.5941205251612282,0.6666666666666666,-0.6317674752708945,-0.8193070900998208,0.5482320943010389,-0.24742518854918516,-0.07407597535934306,0.10145268328369136,-0.09326873161446612,-0.3887534535998701,-0.7840781847356798,0.0,0.0,0.0,0.0,0.0,0.0
Supriya Lifescience Limited,SUPRIYA,-0.3389830508474576,-0.16114211259311423,-4.429133488319428,0.6666666666666666,-0.46852608723017897,-0.33442906751076645,1.4109631481156153,0.17670910712837537,0.25651950718685834,-0.5639598683179182,5.005652650400876,-0.3237445148707949,-0.540489370651981,0.0,1.0,0.0,0.0,0.0,0.0
Suraj Estate Developers Limited,SURAJEST,1.152542372881356,0.07351973520471368,1.466258988378653,0.0,-0.09480317293382043,0.20854703644153158,2.3119399304655674,1.100397372475874,0.38081793292265564,3.6997962063019294,-0.23769971736747994,-0.7372013651877134,-0.8335725458696355,0.0,0.0,0.0,0.0,1.0,0.0
Suryoday Small Finance Bank Limited,SURYODAY,-0.3389830508474576,-0.06902693565484853,-11.254051254229907,0.3333333333333333,-0.021138802641571867,4.694718171850305,-0.40008642640676745,-0.8691103722325848,0.0,0.0,0.0,0.0,-0.13840382178410202,1.0,0.0,0.0,0.0,0.0,0.0
Swiggy Limited,SWIGGY,-0.6779661016949152,0.14236387161077593,-0.30883720790185964,-0.3333333333333333,0.9270853202392576,-0.784181590609975,-3.0609352878026175,-2.1081015327224075,-1.512542778918549,-0.4640748288655484,-0.48500317240583724,-0.07150983260198271,1.8880076241500783,0.0,0.0,0.0,1.0,0.0,0.0
Syrma SGS Technology Limited,SYRMA,-0.06779661016949153,-0.3496674958149314,0.023993328900743828,0.6666666666666666,1.2868267606381047,0.6642059302520406,-0.26602797092455527,-0.5105019868623796,-0.4198665297741273,-0.1898155405758478,0.1447193862836709,-0.02470339671704862,0.7376812460693604,0.0,0.0,1.0,0.0,0.0,0.0
TBO Tek Limited,TBOTEK,-0.2033898305084746,0.8812174186862315,-0.25818908273625973,-0.3333333333333333,1.520287058833342,0.7645579666703538,0.1261919503606139,0.8572702943800179,0.367265571526352,-0.08318963264879548,0.5772048220568725,-0.7085974321469203,0.3177706991808135,0.0,0.0,0.0,1.0,0.0,0.0
TVS Supply Chain Solutions Limited,TVSSCS,-0.06779661016949153,-0.44444026676679227,0.22166425684948124,1.0,-0.8568520070628324,6.511900418152732,-0.7109742226373706,-1.2630767983131947,-0.8250684462696785,1.5293933218372784,-0.2803829959047124,0.9660328295140582,1.335840827356002,0.0,0.0,0.0,0.0,1.0,0.0
Tamilnad Mercantile Bank Limited,TMB,5.559322033898305,0.37319254841278743,-0.23052414041890495,0.6666666666666666,-0.7467753776039934,-0.24351890454142275,1.7078708710498227,-0.11994161057497373,0.0,0.0,0.0,0.0,0.47887794076678525,1.0,0.0,0.0,0.0,0.0,0.0
Tata Technologies Limited,TATATECH,0.6101694915254238,0.3561487411960095,0.023993328900743828,0.0,-0.46390118554820414,-0.3853490807566064,0.3475405669435505,0.2662395588354553,0.27335728952772065,-0.48988869728797624,1.920343773432543,-0.10011376564277599,0.8517266276537245,0.0,0.0,0.0,1.0,0.0,0.0
Tatva Chintan Pharma Chem Limited,TATVA,0.4745762711864407,1.0217463498244872,-10.55928016682507,1.0,-0.8736188556627961,-0.8660116060361284,0.03923642566093921,-0.6190090017030251,-0.6666837782340862,-0.36311856612844223,0.3963200092288172,-0.4485616772306193,-0.9037309252363254,0.0,0.0,0.0,0.0,0.0,1.0
Tega Industries Limited,TEGA,1.8305084745762712,0.27119578868270755,-7.225540681322744,1.3333333333333333,-0.2709487741369147,-0.3981945755150954,0.32131052704690183,-0.1514070229502881,-0.1774298425735795,-0.2789099649892877,0.2580031147257311,-0.22753128555176333,0.004043465605416858,0.0,0.0,1.0,0.0,0.0,0.0
Tenneco Clean Air India Limited,TENNIND,-1.0169491525423728,0.15766647850510931,-0.5318420512003413,-0.3333333333333333,0.7496607672254658,0.6506736636926924,-0.00020044992085901172,1.7006731003162765,1.7502908966461328,-0.5009405862987929,1.072100132664244,1.4496993336583786,0.8233296539181857,0.0,0.0,1.0,0.0,0.0,0.0
Transrail Lighting Limited,TRANSRAILL,-0.3389830508474576,0.230353522806607,0.2643709388137241,-0.6666666666666666,0.4573158407799073,0.6395910643977677,-0.14316592135556525,0.02327467358689474,0.7348220396988364,0.1451115639859959,-0.18740266482090323,0.0039005363237446635,0.9964699297841058,0.0,0.0,0.0,0.0,1.0,0.0
Travel Food Services Limited,TRAVELFOOD,-0.2711864406779661,1.0351659393926318,0.023993328900743828,-0.3333333333333333,1.1140433545912498,3.1064544372339333,0.8674595039458446,0.9999999999999996,0.6377652292950035,-0.4339760673041752,0.10988060218030808,-0.159921989273525,-0.008757718978590992,0.0,0.0,0.0,0.0,0.0,0.0
TruAlt Bioenergy Limited,TRUALT,-1.2203389830508475,0.34923576971039844,-0.3947289593347958,-0.6666666666666666,0.5984705430579769,8.157117662686192,0.13694065373172004,-0.7391939015489419,-0.9813997262149213,3.4322516590897223,-0.24202572532733455,-0.6175849179262151,0.02044676837105533,0.0,0.0,0.0,0.0,0.0,1.0
UMA Exports Limited,UMAEXPORTS,1.0169491525423728,-1.3535362606119248,-1.5031114870170659,0.6666666666666666,-0.8505373701115662,-1.490702117026602,-0.7072315774882901,-0.46622333955072615,0.12428131416837768,0.3839943564822075,-0.15625540750994976,4.4219080123517,-0.1008562483113938,0.0,0.0,0.0,0.0,0.0,1.0
UTI Asset Management Company Limited,UTIAMC,0.06779661016949153,0.4444245714218614,-12.019185264501559,1.6666666666666667,-0.7812012873981273,-0.5588350371106663,2.6040577921895234,-0.1463790446841297,-0.16552019164955514,-0.5497204368500811,3.740958643363904,-0.7189988623435724,-0.04014104298553216,1.0,0.0,0.0,0.0,0.0,0.0
Uniparts India Limited,UNIPARTS,0.6101694915254238,0.47944251054627324,0.09148236322638961,1.3333333333333333,-0.8736188556627961,-0.5301162714140054,0.3203071044183788,0.23088151812505037,0.2303730321697469,-0.44850290014108796,1.4125281190517394,0.22233057045343746,-0.2876665706377663,0.0,0.0,1.0,0.0,0.0,0.0
Updater Services Limited,UDS,0.0,-0.08323464703293076,4.3507903073344965,0.3333333333333333,-0.14798790978667614,-0.3095091668821702,-0.5545109823803674,-0.3898305084745766,-0.5072039698836414,0.24643361028374372,0.29584126434792646,1.0752478465789048,0.377069988921873,0.0,0.0,0.0,0.0,1.0,0.0
Urban Company Limited,URBANCO,-0.7457627118644068,-0.9997116862863157,-0.3540763099915399,-0.3333333333333333,0.674392261334407,0.5725877970270867,-3.009437236199073,-2.1081015327224075,-1.512542778918549,-0.515441291738517,-0.48500317240583724,-0.5577766942954656,-0.030129662052571084,0.0,0.0,0.0,1.0,0.0,0.0
Utkarsh Small Finance Bank Limited,UTKARSHBNK,-0.8813559322033898,-2.1952361048015794,7.81222789008153,0.3333333333333333,-0.5139423101709139,-1.490702117026602,-1.0059776320664087,-1.2544805774065366,0.0,0.0,0.0,0.0,0.05713705864935402,1.0,0.0,0.0,0.0,0.0,0.0
VMS TMT Limited,VMSTMT,-0.6779661016949152,-1.033535181210187,0.15510838885328143,-0.3333333333333333,-0.3655069211339315,0.1366668328522566,-0.5698342502202492,0.5059605871381069,-0.08981861738535267,3.6997962063019294,-0.23504643248543575,2.3858280513570618,-0.5397615469005491,0.0,0.0,1.0,0.0,0.0,0.0
Vedant Fashions Limited,MANYAVAR,0.06779661016949153,0.8291109873102201,-0.36571817723994565,0.6666666666666666,-0.6355941119316608,-0.41007686975167484,1.9479892896331474,0.7933663125456167,0.5886208076659825,-0.2983487484976746,0.4407336909499914,-0.4199577441898261,-0.10397781358903471,0.0,0.0,0.0,0.0,0.0,0.0
Ventive Hospitality Limited,VENTIVE,0.06779661016949153,0.5726881522612004,0.36717629297557125,0.0,2.216884175298605,1.5366282736071701,1.9208456012265005,1.2054983375233148,-0.145807665982204,1.1882740241417153,-0.13814385418469163,-0.6929952868519423,0.3008641294266828,0.0,0.0,0.0,0.0,0.0,0.0
Venus Pipes and Tubes Limited,VENUSPIPES,-0.8135593220338984,-0.01178583453681051,-0.2149095717489987,1.6666666666666667,0.5277957477491366,0.17070668053455137,0.1711559679197698,0.23866677479523152,0.514972621492129,-0.07281705596488476,-0.014823787275768517,0.3055420120266539,-0.29352907202970696,0.0,0.0,1.0,0.0,0.0,0.0
Veranda Learning Solutions Limited,VERANDA,-1.0169491525423728,-0.7557740513542928,0.3082354661701144,1.6666666666666667,2.03004284184919,5.8479189463159225,-2.3519577324385135,-2.1081015327224075,-1.512542778918549,2.467856769608612,-0.48500317240583724,-0.8444661140906876,-0.8905206044451744,0.0,0.0,0.0,0.0,0.0,0.0
Vibhor Steel Tubes Limited,VSTL,0.0,-0.6724441722247069,4.236173168832956,-0.3333333333333333,-0.6297427830617672,-0.620083691141915,-0.6368302046836927,-0.30030005676749666,0.15604038329910996,1.027668913622825,-0.20459133644805902,2.656265236470014,-0.30990643261515183,0.0,0.0,1.0,0.0,0.0,0.0
Vidya Wires Limited,VIDYAWIRES,1.4915254237288136,-1.581046949828242,7.013434601755289,-0.3333333333333333,-0.11526982144079949,0.12924047947315384,-0.5795230361988869,0.4024815505636201,0.6703456536618756,0.5619219313372004,0.020130357039857015,4.429709084999188,0.034081891920422554,0.0,0.0,1.0,0.0,0.0,0.0
Vijaya Diagnostic Centre Limited,VIJAYA,1.4915254237288136,0.4079242988971019,-8.556265085959465,1.6666666666666667,-0.31953405447600797,-0.26586945938005846,1.3548951416036958,0.25634579515043354,0.058299110198494125,-0.41393635366044834,0.11345676876045466,-0.40435559889484807,-0.5442788491655408,0.0,1.0,0.0,0.0,0.0,0.0
Vikram Solar Limited,VIKRAMSOLR,-0.13559322033898305,0.003894389706206769,0.336773833365828,-0.3333333333333333,0.3847808813324424,8.157117662686192,-0.2114544354464246,-0.77017273538237,-0.15566392881587945,1.1626430474996081,-0.22893234123550782,0.06370875995449367,0.7382673645622921,0.0,0.0,1.0,0.0,0.0,0.0
Vikran Engineering Limited,VIKRAN,-0.3389830508474576,-1.0509577651834061,0.42544871865232475,-0.3333333333333333,0.2971849151685147,1.337943027798394,0.12919862729954434,0.19860514151325898,0.8709274469541411,0.5181324136489526,-0.1867105035473265,-0.1521209166260361,-0.24122913149105418,0.0,0.0,0.0,0.0,1.0,0.0
Vishal Mega Mart Limited,VMM,-1.0169491525423728,-1.2368194284938465,0.35682386570331964,-0.3333333333333333,0.07975147638431089,0.34191983045565316,-0.24830083212921253,-0.6115481307274352,-0.5646988364134156,-0.4766943617076867,-0.05612274326584755,0.1209166260360801,1.4544210628159273,0.0,0.0,0.0,0.0,0.0,0.0
Vishnu Prakash R Punglia Limited,VPRPL,-0.6779661016949152,-1.033535181210187,0.15510838885328143,0.6666666666666666,-0.8736188556627961,-1.490702117026602,-0.3173351272122107,-0.32170951261049424,0.21380903490759737,0.594555050425877,-0.1868258637595893,0.1677230619210142,-0.5216378185850906,0.0,0.0,0.0,0.0,1.0,0.0
Vraj Iron and Steel Limited,VRAJ,-0.06779661016949153,-0.4019494770286836,2.093331014238627,-0.3333333333333333,-0.599126438502083,-0.44427091700491367,-0.010837688500620469,0.6639364204038599,0.544267624914442,-0.30702304436432043,1.0647170790794256,1.2702746627661305,-0.7888412248307614,0.0,0.0,0.0,0.0,0.0,1.0
Waaree Energies Limited,WAAREEENER,0.8813559322033898,1.304153014584878,0.1708107912428043,-0.3333333333333333,2.216884175298605,2.740438346241741,0.10255378713449292,0.7158381315383991,0.52660848733744,-0.11373255996237651,0.36667243467728,0.11051519583942804,1.9938356870757616,0.0,0.0,1.0,0.0,0.0,0.0
Wakefit Innovations Limited,WAKEFIT,-0.8813559322033898,-0.45319555592577476,0.35682386570331964,-0.3333333333333333,0.15250551095115825,4.975444357504247,-1.257559078859478,-2.1081015327224075,-1.512542778918549,-0.28486701154830957,-0.48500317240583724,0.22233057045343715,-0.10142539971218827,0.0,0.0,0.0,0.0,0.0,0.0
WeWork India Management Limited,WEWORK,-0.8813559322033898,0.5793578573930045,0.2643709388137241,-1.0,0.490950040903211,1.7030149500999363,-0.013072937460169062,1.9259589652096345,-0.8371149897330595,3.6997962063019294,-0.32133587125800306,-0.7320006500893874,0.2512306206196031,0.0,0.0,0.0,0.0,1.0,0.0
Western Carriers (India) Limited,WCIL,-0.5423728813559322,-0.560841540838638,0.6277324421705618,-0.3333333333333333,-0.7898511065997036,-0.7104487296246961,-0.4227397718560708,0.018733273862622506,0.25542436687200537,0.04885823274285419,-0.015515948549345338,1.725337233869657,0.03232278293949913,0.0,0.0,0.0,0.0,1.0,0.0
Windlas Biotech Limited,WINDLAS,0.13559322033898305,0.28439106255888513,-6.1840197271129345,1.3333333333333333,-0.16737449191987558,-0.2043756524202784,-0.1068818117840992,-0.3384153758819238,-0.3037816563997264,-0.4741861315775722,2.1344523273922826,0.14171948642938406,-0.4722437685414354,0.0,1.0,0.0,0.0,0.0,0.0
Yatharth Hospital and Trauma Care Services Limited,YATHARTH,-0.3389830508474576,-0.08323464703293076,0.023993328900743828,1.3333333333333333,0.537847594456899,0.2927013443271438,0.6016389645898057,0.4324872273132755,-0.058607118412046494,0.49127344933897693,0.6374228528580492,-0.17552413456850322,-0.26063378758630085,0.0,1.0,0.0,0.0,0.0,0.0
Yatra Online Limited,YATRA,-0.13559322033898305,-0.7250808269268751,-0.1588290786387168,0.6666666666666666,1.6442670310667882,1.569286099795693,-1.235917499645198,-2.1081015327224075,-1.512542778918549,0.6505329989026495,-0.42631366441714247,-0.5324232081911263,-0.5696825993195834,0.0,0.0,0.0,1.0,0.0,0.0
Zaggle Prepaid Ocean Services Limited,ZAGGLE,-0.5423728813559322,-0.6016722943087697,-0.2926015719602756,-0.6666666666666666,1.4861439323077659,0.18906320361519122,-0.13649978231648624,-2.1081015327224075,1.2253080082135521,-0.5639598683179182,0.4421180134971449,1.38209003738014,0.07147562331214433,1.0,0.0,0.0,0.0,0.0,0.0
Zomato Limited,ZOMATO,-0.4745762711864407,-1.2589331676881421,0.7071717991797543,0.3333333333333333,2.216884175298605,2.0636463768711155,-1.3596155805078765,-1.3835860838537024,-1.4260266940451747,-0.5277472958143911,-0.48500317240583724,-0.36274987810823983,2.5155658601514963,0.0,0.0,0.0,1.0,0.0,0.0
eMudhra Limited,EMUDHRA,-0.3389830508474576,-0.21952151818665278,0.22681193726482682,0.6666666666666666,0.9413563892329246,0.05115323312544357,0.8896636899228589,0.0017030248966019804,-0.10925735797399051,-0.40662068244761457,1.790794255061429,-0.3809523809523811,-0.6590128489504748,0.0,0.0,0.0,1.0,0.0,0.0
