COMPANY NAME,Symbol,Return_1d,Return_7d,Return_15d,Return_21d,Return_30d,Return_45d,Return_60d,PostIPO_price_std
ACME Solar Holdings Limited,ACMESOLAR,-20.9584775086505,-17.4532871972318,-3.60207612456748,-3.84429065743945,-7.43598615916955,-19.8892733564013,-23.2076124567474,24.572959296174
AGS Transact Technologies Limited,AGSTRA,-8.37142857142857,-9.71428571428571,-29.6571428571428,-35.1999999999999,-37.2285714285714,-40.5428571428571,-39.3142857142857,24.1476608351517
ASK Automotive Limited,ASKAUTOLTD,10.7056737588652,2.61347517730496,3.98581560283688,1.06028368794326,1.29078014184396,0.794326241134754,0.585106382978715,10.1597717447175
Aadhar Housing Finance Limited,AADHARHFC,14.6349206349206,9.0,7.95238095238095,7.68253968253967,33.3809523809523,32.9682539682539,41.5396825396825,45.4756331927958
Adani Wilmar Limited,AWL,39.9565217391304,66.8913043478261,50.0217391304347,66.2173913043478,49.3043478260869,82.2826086956521,150.891304347826,86.1281589371603
Aditya Birla Sun Life AMC Limited,ABSLAMC,-12.9353932584269,-12.7247191011235,-18.4353932584269,-16.7570224719101,-19.4241573033707,-23.4073033707865,-24.129213483146,32.3128436059836
Aditya Infotech Limited,CPPLUS,57.9111111111111,57.2666666666666,81.2962962962963,90.074074074074,105.407407407407,107.896296296296,104.251851851851,146.903794644496
Advance Agrolife Limited,ADVANCE,5.01999999999999,10.45,23.25,39.02,37.3199999999999,26.03,15.5999999999999,12.9346780106075
Aequs Limited,AEQUS,22.1209677419354,28.0645161290322,12.3951612903225,10.8790322580645,13.7741935483871,8.52419354838709,16.3064516129032,8.51867640065331
Aeroflex Industries Limited,AEROFLEX,52.3148148148148,44.6481481481481,44.4259259259259,39.8981481481481,39.8518518518518,40.5925925925925,40.7777777777777,4.85912445572147
Aether Industries Limited,AETHER,24.5015576323987,22.4454828660436,16.8847352024922,19.0031152647975,21.0046728971962,42.8971962616822,33.7305295950155,59.5838255057927
Ajax Engineering Limited,AJAXENGG,-3.3704292527822,-4.10969793322734,-3.85532591414944,-2.67885532591415,2.73449920508744,-0.270270270270277,14.2448330683624,41.3833587442148
Akums Drugs and Pharmaceuticals Limited,AKUMS,16.8998527245949,37.7393225331369,48.8586156111929,30.1104565537555,30.2577319587628,25.441826215022,21.4285714285714,72.3597535137553
All Time Plastics Limited,ALLTIME,6.0,10.5272727272727,8.0,6.4,4.74545454545455,-4.94545454545455,-1.89090909090908,15.2099708837891
Allied Blenders and Distillers Limited,ABDL,18.1957295373665,18.1423487544484,9.47686832740213,4.73309608540925,5.86120996441282,6.26690391459075,24.0711743772241,21.4763712905491
Anand Rathi Share and Stock Brokers Limited,ARSSBL,9.1183574879227,7.7536231884058,12.475845410628,25.3743961352656,23.0314009661835,77.1497584541062,59.7101449275362,112.248596342904
Anand Rathi Wealth Limited,ANANDRATHI,-49.1836363636363,-50.0781818181818,-49.34,-44.4181818181818,-46.1472727272727,-47.9545454545454,-50.1890909090909,11.9503542485847
Angel Broking Limited,ANGELBRKG,,,,,,,,
Anthem Biosciences Limited,ANTHEM,28.5087719298245,32.6140350877192,29.2456140350877,32.1491228070175,47.5263157894736,48.0701754385964,48.438596491228,53.6246445209662
Antony Waste Handling Cell Limited,AWHCL,20.1111111111111,19.015873015873,10.4285714285714,-3.87301587301586,-3.88888888888888,-2.12698412698412,-4.65079365079364,35.3571236171183
Anupam Rasayan India Limited,ANURAS,233.521186440677,234.32627118644,222.754237288135,222.631355932203,226.796610169491,227.411016949152,215.351694915254,15.6455730845136
Apeejay Surrendra Park Hotels Limited,PARKHOTELS,29.3032258064516,26.9225806451612,41.9419354838709,36.058064516129,11.2,22.3870967741935,29.8193548387096,15.2242738508512
Aptus Value Housing Finance India Limited,APTUS,-6.03116147308782,-0.28045325779037,-2.71104815864022,-2.48158640226628,-8.59490084985835,-13.0198300283286,-15.9093484419263,20.5358116933507
Archean Chemical Industries Limited,ACI,10.1572481572481,30.6707616707616,22.2800982800982,29.3144963144963,20.8746928746928,35.3218673218673,46.5945945945945,47.2889024029548
Arisinfra Solutions Limited,ARISINFRA,-20.3423423423423,-27.7747747747747,-27.6711711711711,-26.8153153153153,-34.6261261261261,-32.9594594594594,-32.9414414414414,10.9456725521572
Arkade Developers Limited,ARKADE,21.15625,19.1875,19.1015624999999,24.234375,6.74218749999999,10.078125,9.16406249999999,8.75807382606799
Ather Energy Limited,ATHERENERG,-3.4423676012461,-5.71651090342679,-2.18068535825545,0.218068535825541,-3.84735202492212,-0.109034267912779,2.74143302180685,9.25902391235296
Atlanta Electricals Limited,ATLANTAELE,5.1259946949602,18.9124668435013,29.6352785145888,35.4244031830238,29.4694960212201,29.8076923076923,25.2785145888594,75.7195923567122
Avalon Technologies Limited,AVALON,-6.57110091743118,-10.091743119266,-14.7133027522935,-18.3142201834862,-7.72935779816513,1.50229357798165,14.8165137614678,48.3258040112457
Awfis Space Solutions Limited,AWFIS,5.20887728459529,6.6971279373368,26.2010443864229,31.8276762402088,34.6083550913838,60.6919060052219,81.5665796344647,106.096978885222
Azad Engineering Limited,AZAD,32.0706106870228,26.1641221374045,31.6412213740457,26.9656488549618,35.868320610687,82.986641221374,126.440839694656,201.441686587553
BLS E- Services Limited,BLSE,167.274074074074,127.14074074074,184.414814814814,184.488888888888,135.985185185185,131.54074074074,144.614814814814,33.3806236210969
BMW Ventures Limited,BMWVENTLTD,-30.6161616161616,-40.2929292929292,-39.7676767676767,-40.8282828282828,-34.9292929292929,-29.6060606060606,-38.3030303030303,4.63419690479169
Baazar Style Retail Limited,STYLEBAAZA,-3.40616966580976,-7.59640102827763,-7.35218508997429,-9.76863753213367,-6.77377892030848,-10.2442159383033,-12.0051413881748,10.9113636701769
Bajaj Housing Finance Limited,BAJAJHFL,159.285714285714,130.9,118.457142857142,94.3285714285714,100.785714285714,91.5857142857143,81.9857142857142,18.921862764437
Bansal Wire Industries Limited,BANSALWIRE,41.640625,36.8749999999999,39.4335937499999,37.6953125,37.44140625,45.33203125,67.4414062499999,27.8591012742608
Belrise Industries Limited,BELRISE,5.23333333333332,7.6,13.2333333333333,12.7999999999999,18.1999999999999,29.8111111111111,39.6333333333333,11.1953574561703
Bharti Hexacom Limited,BHARTIHEXA,40.1473684210526,64.6701754385964,53.7175438596491,51.4912280701754,56.498245614035,78.7964912280701,87.3403508771929,93.6018431086339
Bikaji Foods International Limited,BIKAJI,6.58666666666666,14.3866666666666,35.3866666666666,36.9133333333333,27.7566666666666,39.7833333333333,39.8833333333333,39.7774918407741
Billionbrains Garage Ventures Limited,GROWW,37.69,69.8899999999999,60.24,54.7899999999999,45.1299999999999,62.11,62.8,11.1751103115893
Blue Jet Healthcare Limited,BLUEJET,17.1849710982658,16.7080924855491,12.0578034682081,10.9653179190751,-0.092485549132946,1.5057803468208,6.02601156069364,23.9315900015021
BlueStone Jewellery and Lifestyle Limited,BLUESTONE,10.6479690522243,4.81624758220502,7.56286266924565,28.4235976789168,16.5667311411992,18.3462282398452,38.017408123791,61.460886710477
Brainbees Solutions Limited,FIRSTCRY,38.0537634408602,35.9354838709677,34.0645161290322,34.4408602150537,40.2903225806451,34.5698924731182,54.4623655913978,33.724900719964
Brigade Hotel Ventures Limited,BRIGHOTEL,-6.33333333333333,-10.0111111111111,-5.05555555555555,-4.52222222222221,-3.56666666666665,-5.67777777777777,-7.98888888888888,1.98087883334164
Burger King India Limited,BURGERKING,,,,,,,,
C.E. Info Systems Limited,MAPMYINDIA,43.5643756050338,55.4762826718296,69.8151016456921,65.3688286544046,65.2100677637947,44.7463697967086,33.5779283639883,141.058874807311
CMS Info Systems Limited,CMSINFO,5.6574074074074,19.9444444444444,36.9212962962963,20.2453703703703,11.5925925925925,9.12962962962963,3.7037037037037,24.8287083261062
CRIZAC LIMITED,CRIZAC,33.7183673469387,39.4285714285714,31.4653061224489,28.6408163265306,20.9183673469387,39.6530612244897,47.8897959183673,21.4225854337581
Campus Activewear Limited,CAMPUS,25.4417808219178,11.4006849315068,12.8493150684931,22.5582191780821,12.1164383561643,11.0753424657534,21.4486301369863,18.0333450400455
Canara HSBC Life Insurance Company Limited,CANHLIFE,4.15094339622642,14.8396226415094,11.0566037735849,15.9056603773584,13.6226415094339,15.6981132075471,17.3679245283018,4.74581369409373
Canara Robeco Asset Management Company Limited,CRAMC,13.8872180451127,20.7706766917293,18.5263157894736,16.3007518796992,11.4172932330827,13.1390977443608,9.22932330827068,10.7413774943528
Capillary Technologies India Limited,CAPILLARY,8.36221837088388,11.6117850953206,14.5493934142114,24.6707105719237,20.1819757365684,13.4922010398613,8.43154246100519,34.9057898731237
Capital Small Finance Bank Limited,CAPITALSFB,-4.27991452991452,-10.0064102564102,-19.4529914529914,-24.4123931623931,-28.6773504273504,-26.0192307692307,-26.1987179487179,43.4250567891725
CarTrade Tech Limited,CARTRADE,-2.36093943139678,-11.2855377008652,-9.27070457354758,-6.14029666254634,-12.5865265760197,-18.6341161928306,-19.4097651421508,100.570321287194
Carraro India Limited,CARRARO,-10.3764204545454,-8.68323863636363,-20.1164772727272,-20.7698863636363,-28.7741477272727,-49.2741477272727,-54.7272727272727,127.375133590284
Ceigall India Limited,CEIGALL,-1.11471321695761,-2.17456359102245,-0.14463840399002,-3.08229426433915,-7.99002493765586,-2.18204488778054,-4.57605985037407,10.4104233480543
Cello World Limited,CELLO,22.8179012345679,20.7731481481481,20.6574074074074,26.1141975308642,24.4691358024691,19.1203703703703,31.7469135802469,27.8391121745408
Chemplast Sanmar Limited,CHEMPLASTS,-2.45841035120147,6.49722735674676,6.92236598890943,3.14232902033271,11.3123844731977,48.1977818853974,22.2550831792975,92.1120849317622
Clean Science and Technology Limited,CLEAN,89.9555555555555,80.6577777777777,82.86,75.1799999999999,68.8666666666666,70.6322222222222,105.725555555555,114.842909041624
Computer Age Management Services Limited,CAMS,-64.8233870967741,-66.0693548387096,-62.1854838709677,-62.5887096774193,-58.9846774193548,-58.3120967741935,-55.099193548387,48.0757900660632
Concord Biotech Limited,CONCORDBIO,26.6963562753036,29.8434547908232,29.3373819163292,35.2510121457489,33.6909581646423,43.4655870445344,55.9473684210526,75.7890453197306
Concord Enviro Systems Limited,CEWATER,7.39657631954351,12.5891583452211,-8.98002853067047,-2.86733238231098,-16.5977175463623,-7.23965763195435,-37.6462196861626,115.918325618884
Corona Remedies Limited,CORONA,35.6967984934086,27.5423728813559,30.4237288135593,38.1450094161958,38.9077212806026,38.0790960451977,50.0094161958568,76.3048678469654
Craftsman Automation Limited,CRAFTSMAN,-0.475167785234894,-3.50201342281879,-3.78456375838926,-10.6442953020134,-13.3946308724832,2.25503355704697,-0.502013422818793,85.1360339747651
Credo Brands Marketing Limited,MUFTI,3.42499999999999,-2.34642857142856,-6.06785714285714,-4.72857142857143,-9.77142857142857,-14.8857142857142,-19.2857142857142,21.5091986966374
Cyient DLM Limited,CYIENTDLM,86.1132075471698,92.6981132075471,80.6415094339622,94.6415094339622,85.3962264150943,114.566037735849,163.849056603773,77.3052814988668
DEE Development Engineers Limited,DEEDEV,61.3300492610837,64.9507389162561,82.7339901477832,77.4384236453201,88.1773399014778,85.1724137931034,72.7093596059113,20.7669580733203
DOMS Industries Limited,DOMS,70.1607594936709,61.2367088607594,65.7139240506329,68.8088607594936,80.9924050632911,78.4911392405063,98.3164556962025,98.2975023177331
Data Patterns (India) Limited,DATAPATTNS,19.3282051282051,28.48547008547,28.434188034188,24.8837606837606,21.8136752136752,20.7829059829059,1.04273504273504,54.8502998212059
Deepak Builders & Engineers India Limited,DBEIL,-23.0098522167487,-24.4778325123152,-26.2463054187192,-29.35960591133,-23.0147783251231,-6.15763546798029,-1.16256157635468,22.0063716963541
Delhivery Limited,DELHIVERY,4.8665297741273,8.88090349075975,6.24229979466118,2.71047227926077,2.81314168377823,22.2279260780287,35.8008213552361,60.8106683152913
Devyani International Limited,DEVYANI,39.6111111111111,27.4444444444444,38.9999999999999,39.5555555555555,34.2777777777777,28.6666666666666,25.1666666666666,5.62361093960099
Dharmaj Crop Guard Limited,DHARMAJ,5.40084388185654,-1.45569620253164,-23.7341772151898,-17.9324894514767,-21.7088607594936,-19.9156118143459,-30.126582278481,30.2837375814935
Dodla Dairy Limited,DODLA,36.3060747663551,34.8621495327102,45.1028037383177,39.3177570093457,42.2616822429906,38.911214953271,28.0560747663551,23.6096750749106
Dr. Agarwal's Health Care Limited,AGARWALEYE,-1.61691542288557,1.20646766169154,4.96268656716417,0.696517412935326,3.22139303482586,10.6716417910447,3.80597014925373,15.8013411124619
Dreamfolks Services Limited,DREAMFOLKS,37.9907975460122,29.7392638036809,19.840490797546,14.6472392638036,14.6165644171779,22.6840490797545,32.5061349693251,29.5588801418134
EMS Limited,EMSLIMITED,26.1137440758293,22.0616113744075,52.2369668246445,53.2748815165876,37.9620853080568,49.0805687203791,94.0710900473933,50.3891957429273
EPACK Durable Limited,EPACK,-8.41304347826086,-14.5652173913043,-21.0,-14.4782608695652,-19.7173913043478,-29.4565217391304,-30.9782608695652,18.8972535167465
ETHOS Limited,ETHOSLTD,-8.23462414578587,-12.2892938496583,-9.36788154897494,-13.5193621867881,-11.3952164009111,-5.34738041002278,12.7334851936218,79.2402404986614
Easy Trip Planners Limited,EASEMYTRIP,-96.7486631016042,-96.5614973262032,-96.7326203208556,-96.6844919786096,-97.1657754010695,-96.9304812834224,-96.1764705882352,0.574132886559001
Ecos (India) Mobility & Hospitality Limited,ECOSMOBLTY,40.8892215568862,43.188622754491,48.6976047904191,44.3023952095808,41.2455089820359,28.8622754491017,16.1826347305389,37.5525453452194
Electronics Mart India Limited,EMIL,57.5423728813559,45.3389830508474,50.1694915254237,63.3050847457627,44.4915254237288,45.2542372881356,46.0169491525423,4.33396057731427
Elin Electronics Limited,ELIN,-9.4412955465587,-10.6315789473684,-6.76518218623482,-10.2267206477732,-16.7854251012145,-30.2267206477732,-41.9554655870445,32.5037692319785
Emcure Pharmaceuticals Limited,EMCURE,34.8353174603174,35.4841269841269,29.2916666666666,29.3055555555555,27.3898809523809,40.3105158730158,37.6865079365079,49.0826801476467
Emmvee Photovoltaic Power Limited,EMMVEE,8.88479262672811,-1.02764976958524,11.7050691244239,-7.05990783410138,-20.3087557603686,-13.479262672811,-2.27188940092166,24.8504324001855
Entero Healthcare Solutions Limited,ENTERO,-8.50556438791732,-7.06279809220985,-17.6033386327504,-11.295707472178,-17.2535771065182,-20.3775834658187,-12.7782193958664,62.8935902177335
Enviro Infra Engineers Limited,EIEL,50.4527027027026,69.7972972972973,122.777027027027,116.837837837837,103.993243243243,80.0337837837837,62.2635135135135,41.6419789909859
Epack Prefab Technologies Limited,EPACKPEB,-4.77941176470588,-7.42156862745097,-1.87745098039216,13.7598039215686,26.7745098039215,61.078431372549,55.6372549019607,58.2111360643714
Equitas Small Finance Bank Limited,EQUITASBNK,-2.42424242424241,-3.3030303030303,1.57575757575758,10.4848484848484,1.87878787878787,15.6666666666666,11.8181818181818,2.46878319748625
Exicom Telesystems Limited,EXICOM,73.556338028169,40.3169014084507,61.3732394366197,43.8028169014084,46.4084507042253,105.492957746478,96.1971830985915,37.0401776710744
FINO Payments Bank Limited,FINOPB,-10.6152512998266,-31.1785095320623,-23.8128249566724,-26.7071057192374,-28.7088388214904,-32.2703639514731,-28.0849220103986,42.1208719893458
FSN Ecommerce Ventures Limited,NYKAA,-67.2071111111111,-68.5475555555555,-64.4808888888889,-63.0648888888888,-68.6693333333333,-68.7875555555555,-70.2897777777777,29.2192784533316
Fedbank Financial Services Limited,FEDFINA,1.82142857142857,-0.67857142857142,5.49999999999999,0.96428571428571,-2.0,-0.107142857142861,-6.17857142857143,5.01786095576876
FiveStar Business Finance Limited,FIVESTAR,3.43881856540084,5.0042194092827,31.3164556962025,19.3122362869198,25.1877637130801,36.5949367088607,24.4430379746835,59.5091137878016
Flair Writing Industries Limited,FLAIR,32.8717105263157,22.0986842105263,21.2006578947368,18.1381578947368,13.6217105263157,15.1282894736842,9.38157894736841,23.0184199532213
Fujiyama Power Systems Limited,UTLSOLAR,-8.40350877192982,-8.32456140350876,-10.4035087719298,-9.09210526315789,-13.5438596491228,-1.31578947368421,-3.74561403508771,9.33383884685436
Fusion Micro Finance Limited,FUSION,-6.12771739130435,-7.14673913043478,-0.298913043478267,3.34239130434782,9.97282608695651,-1.03260869565217,5.88315217391303,22.8835587683551
G R Infraprojects Limited,GRINFRA,102.84348864994,100.831541218638,104.31780167264,89.4121863799283,88.3297491039426,86.0059737156511,85.8912783751493,69.540759990095
GK Energy Limited,GKENERGY,7.49019607843137,15.3921568627451,21.5751633986928,42.954248366013,37.5686274509803,27.9803921568627,11.9607843137254,20.2915152336189
GNG Electronics Limited,EBGNG,39.7004219409282,30.4008438818565,35.886075949367,44.3248945147679,44.2194092827004,49.8945147679324,42.9746835443038,15.1318999216256
GPT Healthcare Limited,GPTHEALTH,-0.645161290322574,-10.9569892473118,-23.2956989247311,-10.3387096774193,-8.41935483870967,-13.8924731182795,-10.0591397849462,12.5854961875054
Gandhar Oil Refinery (India) Limited,GANDHAR,64.2958579881657,59.1420118343195,81.3668639053254,64.4142011834319,61.0414201183432,52.5798816568047,45.171597633136,19.0462435991482
Ganesh Consumer Products Limited,GANESHCP,-12.2142857142857,-5.91614906832298,-12.8602484472049,-12.3850931677018,-13.0465838509316,-9.68944099378881,-15.1086956521739,9.56488443661052
Garuda Construction and Engineering Limited,GARUDA,8.78947368421052,0.115789473684209,-3.90526315789473,-9.4,-12.7157894736842,-5.84210526315789,0.905263157894736,6.80700304658301
Gland Pharma Limited,GLAND,36.5753333333333,38.1413333333333,53.8186666666666,46.5486666666666,51.6579999999999,60.0226666666666,49.7193333333333,126.173643274429
Global Health Limited,MEDANTA,23.2142857142857,34.1488095238095,36.6160714285714,38.5059523809523,32.8392857142857,36.8839285714285,32.7946428571428,16.9857464055125
Glottis Limited,GLOTTIS,-35.1085271317829,-42.5503875968992,-42.1317829457364,-40.2248062015503,-46.3333333333333,-47.5503875968992,-55.5193798449612,8.31625402163623
Go Digit General Insurance Limited,GODIGIT,10.3676470588235,9.70588235294116,24.8161764705882,25.2941176470588,22.2242647058823,27.7022058823529,26.4522058823529,20.766158367241
Go Fashion (India) Limited,GOCOLORS,88.7028985507246,75.0652173913043,66.391304347826,40.7898550724637,52.4927536231884,54.1884057971014,38.195652173913,126.7225832093
Godavari Biorefineries Limited,GODAVARIB,-0.0284090909090973,-3.92045454545454,-11.0653409090909,-16.3210227272727,0.482954545454542,1.91761363636363,-12.6420454545454,25.7455405292422
Gopal Snacks Limited,GOPAL,-5.89276807980049,-7.11970074812967,-10.5461346633416,-13.2019950124688,-20.9950124688279,-20.4738154613466,-18.1770573566084,25.0187401190159
HDB Financial Services Limited,HDBFS,16.4432432432432,13.2891891891891,8.46486486486486,7.8581081081081,0.856756756756761,5.07432432432431,5.08108108108108,39.0921400576345
HMA Agro Industries Limited,HMAAGRO,-90.5487179487179,-90.4974358974358,-90.1264957264957,-90.0478632478632,-90.3777777777777,-89.9384615384615,-87.1094017094017,7.08753701594432
Happiest Minds Technologies Limited,HAPPSTMNDS,108.993975903614,96.5240963855421,101.301204819277,108.180722891566,88.9518072289156,98.4216867469879,89.2409638554216,13.4151561409367
Happy Forging Limited,HAPPYFORGE,19.1188235294117,18.7388235294117,11.8129411764705,12.6611764705882,12.1929411764705,16.1258823529411,11.3576470588235,28.5533814193028
Hariom Pipe Industries Limited,HARIOMPIPE,58.2287581699346,42.8366013071895,44.2026143790849,38.4640522875816,25.9738562091503,38.0065359477124,24.8300653594771,17.4809181681054
Harsha Engineers International Limited,HARSHA,41.7787878787878,31.1242424242424,34.1212121212121,28.2212121212121,27.7696969696969,22.3212121212121,23.2999999999999,22.0843169951632
Heranba Industries Limited,HERANBA,17.9218500797448,19.8484848484848,1.01594896331738,-0.824561403508765,-1.72886762360447,-1.66666666666667,11.7065390749601,60.2374935053702
Hexaware Technologies Limited,HEXT,10.8064971751412,14.7627118644067,13.7429378531073,6.71751412429377,1.15677966101695,-8.99858757062147,-5.00988700564972,65.8395047860795
Highway Infrastructure Limited,HILINFRA,81.1142857142857,55.2571428571428,34.4285714285714,34.8142857142857,25.4,15.2285714285714,14.7,16.6537461823087
Home First Finance Company India Limited,HOMEFIRST,7.05791505791504,5.62548262548262,3.78185328185328,1.38416988416987,1.24131274131273,-10.2741312741312,-14.4671814671814,42.7946193769619
Honasa Consumer Limited,HONASA,-0.462962962962962,-2.91666666666666,8.9969135802469,37.3919753086419,20.4629629629629,31.2654320987654,46.1265432098765,61.7170964968378
Hyundai Motor India Limited,HYUNDAI,-4.15051020408162,-11.1413265306122,-6.34081632653061,-8.84438775510203,-7.75306122448979,-6.08826530612244,-11.4392857142857,52.8887695793639
ICICI Prudential Asset Management Company Limited,ICICIAMC,19.9210161662817,20.830946882217,23.0318706697459,22.4392609699769,34.2614318706697,35.4226327944572,38.9745958429561,173.837850445807
INOX India Limited,INOXINDIA,37.7515151515151,34.5227272727272,34.4090909090909,30.1742424242424,23.6848484848484,37.6469696969697,70.1,97.9308833529327
IRM ENERGY LIMITED,IRMENERGY,-5.27128712871287,-10.9801980198019,-11.7168316831683,-11.5485148514851,-8.7009900990099,-7.61980198019802,7.39009900990099,34.0064652816546
Indegene Limited,INDGN,22.2566371681415,18.8053097345132,13.7345132743362,17.4159292035398,28.6283185840707,21.4181415929203,29.8407079646017,26.4099670038199
India Pesticides Limited,IPL,13.8682432432432,13.3682432432432,12.5371621621621,13.8682432432432,10.7364864864864,4.96621621621621,6.06756756756756,11.1324981152351
India Shelter Finance Corporation Limited,INDIASHLTR,14.4340770791075,6.75050709939147,9.45233265720081,9.25152129817444,16.1176470588235,38.1521298174442,27.1602434077079,56.1852782361731
Indigo Paints Limited,INDIGOPNTS,94.4067114093959,79.8208053691275,75.6758389261745,66.9302013422818,72.1355704697986,51.9389261744966,54.531543624161,219.286946216486
Indiqube Spaces Limited,INDIQUBE,-7.83966244725738,-14.3755274261603,-9.85654008438819,-7.84810126582278,-7.61181434599155,-4.64135021097046,-2.95358649789029,8.70424773150607
Indogulf Cropsciences Limited,IGCL,-2.34234234234233,-2.35135135135135,2.10810810810811,2.73873873873874,-3.36036036036036,-1.67567567567567,-5.72072072072071,3.32149277971732
Innova Captab Limited,INNOVACAP,18.0312499999999,19.5446428571428,15.5401785714285,20.0580357142857,13.28125,21.3482142857142,19.3236607142857,12.634450823801
Interarch Building Products Limited,INTERARCH,32.1388888888888,27.1799999999999,41.4055555555555,39.1688888888888,51.1188888888888,62.0188888888889,78.1433333333333,160.916088677416
International Gemmological Institute (India) Limited,IGIL,13.199040767386,37.7074340527577,37.8033573141486,37.5323741007194,22.5443645083932,19.5491606714628,0.287769784172659,60.485498104524
Inventurus Knowledge Solutions Limited,IKS,41.8961625282167,61.4522197140707,45.9066967644845,47.0316027088036,44.8946576373213,30.1128668171557,27.0391271632806,152.478942340058
Ivalue Infosolutions Limited,IVALUE,-7.30769230769231,-1.5886287625418,-0.351170568561876,-4.89966555183945,-15.7692307692307,-2.72575250836119,0.117056856187298,16.6047038659589
J G Chemicals Limited,JGCHEM,-11.0859728506787,-15.2398190045248,-22.2171945701357,3.3393665158371,1.7601809954751,20.9502262443439,8.42081447963801,33.0828458642268
JNK India Limited,JNKINDIA,53.6746987951807,53.2313253012048,51.1253012048192,51.8819277108433,54.4457831325301,63.6265060240963,100.043373493975,73.2399820225719
JSW Cement Limited,JSWCEMENT,2.05442176870749,4.74829931972788,0.972789115646263,3.5986394557823,2.23809523809523,-4.578231292517,-5.21768707482992,5.74919828779464
JSW Infrastructure Limited,JSWINFRA,38.0336134453781,42.0504201680672,46.5294117647058,38.6218487394958,43.7226890756302,75.1428571428571,82.0924369747899,21.7910285165598
Jain Resource Recycling Limited,JAINREC,31.2844827586206,40.1982758620689,37.6551724137931,59.1336206896551,66.4008620689655,93.5560344827586,65.4956896551724,50.254297802467
Jana Small Finance Bank Limited,JSFB,3.47826086956521,11.7512077294685,8.26086956521738,5.27777777777778,-5.2415458937198,1.37681159420289,5.09661835748792,22.2342533899729
Juniper Hotels Limited,JUNIPER,21.7222222222222,25.4027777777777,25.1249999999999,32.0277777777777,41.1944444444444,31.6805555555555,32.6388888888888,23.3598556747009
Jupiter Life Line Hospitals Limited,JLHL,44.2503401360544,46.4585034013605,47.5183673469387,47.0149659863945,42.2802721088435,37.3006802721088,35.7795918367346,34.8863386415015
Jyoti CNC Automation Limited,JYOTICNC,29.1691842900302,27.1148036253776,67.3111782477341,74.1993957703927,89.8791540785498,86.1329305135951,87.7039274924471,89.4730399670894
KFin Technologies Limited,KFINTECH,-7.03005464480874,-6.28688524590163,-9.67486338797814,-9.59289617486339,-13.087431693989,-15.4617486338797,-21.0628415300546,19.0985852131213
KRN Heat Exchanger and Refrigeration Limited,KRN,105.549999999999,109.427272727272,110.063636363636,93.640909090909,104.65909090909,238.15909090909,276.522727272727,166.117092222839
KSH International Limited,KSHINTL,-12.2395833333333,-10.4166666666666,0.10416666666666,-13.5677083333333,-5.6640625,-1.60156249999999,,21.9477941184681
Kalpataru Limited,KALPATARU,0.0724637681159447,3.82850241545894,3.01932367149758,0.772946859903379,-4.19082125603865,-5.66425120772946,-4.90338164251208,16.1172489676654
Kalyan Jewellers India Limited,KALYANKJIL,-19.2183908045977,-20.2988505747126,-22.0689655172413,-21.4482758620689,-27.2068965517241,-29.8850574712643,-22.6436781609195,3.36298974128676
Kaynes Technology India Limited,KAYNES,21.90800681431,25.0340715502555,29.3952299829642,23.6797274275979,19.6337308347529,28.5519591141396,36.0477001703577,32.3172996573484
Keystone Realtors Limited,RUSTOMJEE,4.59149722735675,-0.275415896487986,-0.0443622920517576,-2.83733826247689,-7.78558225508318,-1.78558225508317,-2.10905730129389,20.056576168904
Krishna Institute of Medical Sciences Limited,KIMS,-76.5115151515151,-73.4690909090909,-71.0933333333333,-68.540606060606,-70.9236363636363,-68.4921212121212,-69.0424242424242,24.4023269772528
Kross Limited,KROSS,2.39166666666667,-4.58333333333333,-11.5124999999999,-21.7958333333333,-19.0416666666666,-30.0958333333333,-14.6416666666666,26.0889909275741
Krsnaa Diagnostics Limited,KRSNAA,0.405660377358491,-8.68763102725367,-1.70545073375261,-5.11111111111111,-11.2777777777777,-20.4171907756813,-24.4884696016771,89.028563902133
Krystal Integrated Services Limited,KRYSTAL,-1.00839160839161,5.63636363636363,19.4867132867132,41.5482517482517,8.65874125874125,4.44475524475524,-2.63776223776223,109.705439549124
LG Electronics India Limited,LGEINDIA,48.078947368421,46.4210526315789,45.2017543859649,43.2807017543859,46.7719298245614,45.5526315789473,37.8684210526315,38.4697159804832
Landmark Cars Limited,LANDMARK,-12.5573122529644,-8.88339920948616,6.16205533596836,10.796442687747,24.8399209486166,23.2687747035573,15.7766798418972,74.3203323458661
Latent View Analytics Limited,LATENTVIEW,196.928934010152,233.223350253807,216.370558375634,205.786802030456,152.38578680203,175.532994923857,152.38578680203,61.7696508157911
Laxmi Organic Industries Limited,LXCHEM,41.9384615384615,37.5692307692307,47.5692307692307,45.7461538461538,45.6307692307692,72.0230769230769,80.8461538461538,21.4542948303286
Le Travenues Technology Limited,IXIGO,98.7741935483871,72.2795698924731,68.1612903225806,84.3870967741935,86.1397849462365,89.9569892473118,68.8494623655913,10.8867669782215
Lenskart Solutions Limited,LENSKART,3.32089552238806,7.32587064676616,3.22139303482586,7.08955223880597,0.808457711442786,12.2014925373134,13.86815920398,19.4390041142127
Life Insurance Corporation of India,LICI,-10.3350895679662,-15.7829293993677,-17.0832455216016,-22.9557428872497,-31.5142255005268,-30.7671232876712,-28.7365648050579,78.556552210736
Likhitha Infrastructure Limited,LIKHITHA,-44.125,-44.8833333333333,-39.125,-34.1833333333333,-34.5916666666666,-37.15,-32.5583333333333,5.85064343225842
M&B Engineering Limited,MBEL,8.46753246753247,13.1298701298701,17.1688311688311,11.4285714285714,7.48051948051948,10.1688311688311,0.649350649350649,19.8230895914935
MTAR Technologies Limited,MTARTECH,74.6852173913043,78.575652173913,75.2052173913043,79.9269565217391,66.4365217391304,62.8243478260869,55.1808695652173,52.6880553916386
Macrotech Developers Limited,LODHA,-48.5699588477366,-40.6995884773662,-38.8991769547325,-29.2860082304526,-35.1584362139917,-36.3436213991769,-30.3847736625514,31.8833648968056
Mangal Electrical Industries Limited,MEIL,-5.98930481283422,-0.864527629233515,-6.95187165775401,-11.4705882352941,-15.1336898395721,-16.0873440285205,-17.0588235294117,34.1571124852984
Mankind Pharma Limited,MANKIND,27.9916666666666,25.7833333333333,22.4194444444444,25.5018518518518,34.8592592592592,56.7898148148148,59.8907407407407,168.88699986621
Manoj Vaibhav Gems N Jewellers Limited,MVGJL,-5.39534883720929,13.5813953488372,26.5116279069767,16.2790697674418,21.5348837209302,54.906976744186,69.4651162790697,55.1491300712808
Mazagon Dock Shipbuilders Limited,MAZDOCK,-43.3241379310344,-47.4275862068965,-47.2551724137931,-47.4137931034482,-45.5103448275862,-44.0068965517241,-41.0413793103448,3.57115627533396
MedPlus Health Services Limited,MEDPLUS,35.18216080402,29.503768844221,27.5879396984924,37.6633165829145,54.8994974874371,44.9685929648241,24.1834170854271,85.5525708611517
Medi Assist Healthcare Services Limited,MEDIASSIST,8.16746411483253,7.02631578947368,25.5502392344497,22.4832535885167,21.5191387559808,16.8947368421052,15.633971291866,29.6817003106852
Meesho Limited,MEESHO,50.7027027027027,94.9009009009009,78.2342342342342,62.3603603603603,53.4774774774774,47.1801801801801,41.3783783783783,21.1897662855939
Metro Brands Limited,METROBRAND,-6.98999999999999,-12.148,-11.9059999999999,-3.42999999999999,16.4539999999999,11.84,6.198,57.7092790673752
Midwest Limited,MIDWESTLTD,4.56338028169013,8.09389671361502,3.1830985915493,10.0845070422535,11.1737089201877,31.9530516431924,50.131455399061,185.889893165154
Motisons Jewellers Limited,MOTISONS,-82.1090909090909,-80.3272727272727,-65.6181818181818,-58.3272727272727,-63.9636363636363,-66.3999999999999,-66.0181818181818,4.84971624108541
Mrs. Bectors Food Specialities Limited,BECTORFOOD,-62.1805555555555,-65.2118055555555,-69.1041666666666,-70.3194444444444,-73.4548611111111,-72.2499999999999,-73.2673611111111,12.3378735529881
Mukka Proteins Limited,MUKKA,43.3928571428571,29.9999999999999,45.8928571428571,30.3571428571428,33.9285714285714,29.4642857142857,27.3214285714285,2.05542256112019
Muthoot Microfin Limited,MUTHOOTMF,-9.29553264604811,-13.2817869415807,-16.9759450171821,-19.020618556701,-20.5670103092783,-17.061855670103,-19.1752577319587,11.4475876019693
Nazara Technologies Limited,NAZARA,-83.3524069028156,-81.4359673024523,-81.6466848319709,-82.0817438692098,-80.1371480472297,-81.0381471389645,-80.6376021798365,11.5523831802298
Nephrocare Health Services Limited,NEPHROPLUS,0.369565217391301,3.34782608695651,-0.913043478260867,9.36956521739131,9.83695652173913,12.9891304347826,20.8695652173913,35.3867997315114
Netweb Technologies India Limited,NETWEB,79.314,77.688,73.8359999999999,64.276,72.388,68.7059999999999,60.474,34.4648505554503
Niva Bupa Health Insurance Company Limited,NIVABUPA,-1.93243243243244,-0.986486486486491,1.87837837837837,35.1351351351351,15.1216216216216,6.55405405405404,1.67567567567566,9.76924547459306
Ola Electric Mobility Limited,OLAELEC,43.9999999999999,75.1052631578947,64.8684210526315,55.1710526315789,50.7631578947368,42.3026315789473,25.5394736842105,12.2689709274677
Om Freight Forwarders Limited,OMFREIGHT,-33.4518518518518,-32.6888888888888,-31.7851851851851,-33.3851851851851,-32.8962962962963,-34.4518518518518,-35.2666666666666,1.55479749102423
One 97 Communications Limited,PAYTM,-36.7627906976744,-16.3372093023255,-23.3325581395348,-25.8627906976744,-39.3488372093023,-37.6837209302325,-48.5906976744186,238.795996815771
One MobiKwik Systems Limited,MOBIKWIK,94.1577060931899,128.906810035842,120.716845878136,120.448028673835,68.9247311827957,50.5376344086021,18.6917562724014,116.039581711627
Orient Technologies Limited,ORIENTTECH,39.5776699029126,39.3689320388349,34.8009708737864,33.4563106796116,22.5339805825242,19.5242718446601,24.3592233009708,17.0273523652806
Orkla India Limited,ORKLAINDIA,-3.15753424657533,-8.92465753424657,-8.68493150684931,-9.90410958904109,-16.5342465753424,-16.931506849315,-15.417808219178,37.3142478851992
Oswal Pumps Limited,OSWALPUMPS,0.985342019543966,12.8175895765472,14.2752442996742,12.2964169381107,20.8061889250814,21.9543973941368,37.7605863192182,69.69334872958
P N Gadgil Jewellers Limited,PNGJL,60.6874999999999,68.40625,60.3229166666666,54.1041666666666,56.34375,50.5104166666666,42.1875,40.1196514014195
PB Fintech Limited,POLICYBZR,36.9285714285714,26.2806122448979,24.0408163265306,17.0153061224489,14.2397959183673,-5.19897959183673,-3.93877551020408,152.79000216606
Pace Digitek Limited,PACEDIGITK,-4.32876712328766,-1.93150684931506,0.383561643835617,0.657534246575341,-2.46575342465753,2.78995433789954,-5.13698630136986,6.25356812433624
Paradeep Phosphates Limited,PARADEEP,-1.5,3.30952380952381,-3.71428571428571,-8.97619047619048,-7.09523809523808,-4.07142857142857,16.4047619047619,3.59280961816528
Paras Defence and Space Technologies Limited,PARAS,195.228571428571,258.811428571428,328.44,584.217142857142,403.011428571428,350.594285714285,302.691428571428,217.329677481667
Park Medi World Limited,PARKHOSPS,-4.09876543209875,-8.41975308641974,-7.46913580246913,-8.7469135802469,-6.53703703703704,-5.19753086419752,8.45679012345678,9.69419143709507
Patel Retail Limited,PATELRMART,7.19607843137255,-1.31372549019607,3.39215686274508,-3.33333333333333,-8.88235294117647,-11.1490196078431,-12.3058823529411,18.9463082218699
Physicswallah Limited,PWL,31.4495412844036,24.394495412844,23.7981651376146,26.5045871559632,20.0733944954128,20.2935779816513,11.2844036697247,6.8641008844845
Pine Labs Limited,PINELABS,8.80542986425339,6.84615384615384,11.1628959276018,12.0497737556561,4.6606334841629,6.57466063348416,-2.63800904977376,10.838760472094
Platinum Industries Limited,PLATIND,22.8947368421052,8.01169590643274,17.6315789473684,0.672514619883044,19.3567251461988,7.92397660818714,22.5146198830409,14.7058864145652
Popular Vehicles and Services Limited,PVSL,-3.6915254237288,-9.77966101694916,-9.16949152542373,-10.0813559322033,-17.7593220338983,-20.9050847457627,-26.064406779661,23.1684587521997
Premier Energies Limited,PREMIERENE,86.8577777777777,160.497777777777,151.875555555555,139.057777777777,139.802222222222,142.953333333333,138.737777777777,106.142331284347
Protean eGov Technologies Limited,PROTEAN,3.32440260680666,0.188269370021716,1.60608254887762,-6.86821144098478,-3.86097031136856,-0.64590876176684,-5.83707458363504,53.2899363321604
Prudent Corporate Advisory Services Limited,PRUDENT,-17.5650793650793,-19.0746031746031,-13.9698412698412,-7.63333333333333,-22.8984126984126,-21.1285714285714,-22.5269841269841,34.4223637161878
Pyramid Technoplast Limited,PYRAMID,1.39156626506024,-0.349397590361453,5.83734939759036,-1.04216867469878,2.74096385542169,22.8373493975903,26.6506024096385,19.1063663037568
Quality Power Electrical Equipments Limited,QPOWER,-6.24705882352941,-14.6282352941176,-21.0447058823529,-26.7929411764705,-24.7694117647058,-27.7788235294117,-19.7529411764705,32.3859207357882
R R Kabel Limited,RRKABEL,12.743961352657,14.8937198067632,42.0859903381642,39.6782608695652,30.9169082125603,34.287922705314,59.1507246376811,166.571293516648
RBZ Jewellers Limited,RBZJEWEL,10.25,33.9,111.05,119.5,95.9,66.1999999999999,72.55,40.0975655358871
RailTel Corporation of India Limited,RAILTEL,43.3617021276595,56.5531914893617,39.4255319148936,28.595744680851,25.6914893617021,13.3297872340425,23.0106382978723,13.6368562219834
Rainbow Childrens Medicare Limited,RAINBOW,-11.8099630996309,-23.2785977859778,-13.0793357933579,-9.2730627306273,-14.210332103321,-16.1439114391143,-12.8874538745387,24.1307160511837
Rashi Peripherals Limited,RPTECH,6.7491961414791,11.3665594855305,9.48874598070739,5.15755627009646,-0.909967845659158,3.26045016077169,2.88102893890674,13.0057269436711
RateGain Travel Technologies Limited,RATEGAIN,-21.1411764705882,-12.5411764705882,-11.9058823529411,-10.2588235294117,16.2117647058823,-12.4941176470588,-17.7176470588235,51.6778194567991
Ratnaveer Precision Engineering Limited,RATNAVEER,25.4081632653061,15.9183673469387,16.7857142857142,14.3367346938775,16.6326530612244,19.6428571428571,22.4489795918367,3.89226950566914
Regaal Resources Limited,REGAAL,24.3235294117647,13.3627450980392,6.01960784313725,4.70588235294117,2.25490196078431,-12.4019607843137,-17.235294117647,14.552734974502
Rishabh Instruments Limited,RISHABH,1.33786848072561,1.99546485260771,5.51020408163265,9.08163265306122,17.9931972789115,4.53514739229024,9.6031746031746,25.2823343180852
Rolex Rings Limited,ROLEXRINGS,-87.3255555555555,-87.7155555555555,-87.9988888888889,-87.88,-87.8566666666666,-88.1733333333333,-88.1366666666666,2.59881291581917
Rossari Biotech Limited,ROSSARI,71.5411764705882,60.4211764705882,76.8070588235293,81.4164705882352,87.88,88.1388235294117,83.0588235294117,42.0838402986908
Route Mobile Limited,ROUTE,90.3142857142857,152.102857142857,121.125714285714,109.734285714285,106.337142857142,157.817142857142,172.085714285714,107.47757292083
Rubicon Research Limited,RUBICON,27.5876288659793,23.7422680412371,27.4536082474226,31.6494845360824,53.0103092783505,32.0,31.2371134020618,46.4115864536309
Ruchi Soya Industries Limited,RUCHISOYA,,,,,,,,
S J S Enterprises Limited,SJS,-6.55166051660516,-19.1125461254612,-20.0036900369003,-19.0571955719557,-26.9594095940959,-30.9483394833948,-22.2361623616236,41.5404196736945
SAMHI Hotels Limited,SAMHI,19.6825396825396,18.9285714285714,23.1746031746031,23.3730158730158,11.0714285714285,22.063492063492,23.9285714285714,5.66789202437732
SBFC Finance Limited,SBFC,57.719298245614,54.0350877192982,54.3859649122807,52.6315789473684,50.7017543859649,45.2631578947368,47.6315789473684,2.42631898346524
SBI Cards and Payment Services Limited,SBICARD,-4.6251655629139,-24.0026490066225,-19.2715231788079,-23.5258278145695,-34.1483443708609,-21.8172185430463,-29.4754966887417,70.1509266815893
SRM Contractors Limited,SRM,13.0,0.452380952380947,-4.8095238095238,-4.26190476190475,-6.02380952380952,-14.1428571428571,-17.595238095238,20.9512074887843
Saatvik Green Energy Limited,SAATVIK,,,,,,,,
Sagility India Limited,SAGILITY,-4.83333333333333,-2.6,14.8666666666666,18.6999999999999,35.9,79.3666666666666,63.4999999999999,9.66170866284604
Sai Life Sciences Limited,SAILIFE,34.1347905282331,35.8925318761384,40.0273224043715,32.9143897996357,30.5009107468123,19.3806921675774,21.5391621129326,41.4917605130969
Sai Silks (Kalamandir) Limited,KALAMANDIR,11.9864864864864,6.68468468468468,10.0675675675675,17.554054054054,7.79729729729729,12.9864864864864,32.1666666666666,19.3316647473714
Sambhv Steel Tubes Limited,SAMBHV,23.8170731707317,47.2926829268292,53.5731707317073,70.3658536585365,51.6951219512195,48.8170731707317,49.3048780487804,11.2103381283697
Sanathan Textiles Limited,SANATHAN,14.6728971962616,18.411214953271,0.436137071651083,10.9345794392523,4.50155763239875,10.2959501557632,-2.36760124610592,24.2926723225632
Sansera Engineering Limited,SANSERA,12.752688172043,7.91263440860215,6.39516129032258,7.0013440860215,-2.67204301075268,-3.37768817204301,5.54301075268817,43.3378121494932
Sanstar Limited,SANSTAR,20.1894736842105,26.5684210526315,21.1578947368421,18.3263157894736,38.9473684210526,40.7263157894736,51.0210526315789,11.9702484359785
Sapphire Foods India Limited,SAPPHIRE,-80.1347457627118,-79.7661016949152,-81.8372881355932,-79.9754237288135,-79.7194915254237,-79.572033898305,-75.5991525423728,22.3012091280143
Saraswati Saree Depot Limited,SSDL,17.4874999999999,4.12499999999999,-2.79374999999999,0.406250000000003,3.07499999999999,-12.1374999999999,-15.81875,17.6874830641009
Scoda Tubes Limited,SCODATUBES,10.2499999999999,26.6071428571428,36.4999999999999,43.5285714285714,46.5857142857142,43.3642857142857,35.8428571428571,17.7282945759435
Senco Gold Limited,SENCO,-37.1324921135646,-41.1419558359621,-34.8422712933753,-38.167192429022,-36.2839116719242,-35.0851735015772,-38.0126182965299,6.8479701545856
Senores Pharmaceuticals Limited,SENORES,45.4219948849105,41.4066496163682,18.8618925831202,34.3478260869565,31.3043478260869,38.1841432225063,39.3478260869565,33.9022948373424
Seshaasai Technologies Limited,STYL,1.47754137115839,-3.32151300236406,-0.248226950354612,-8.97163120567375,-12.4586288416075,-21.5839243498818,-26.3356973995271,45.0079701936488
Shanti Gold International Limited,SHANTIGOLD,14.1859296482412,20.5477386934673,26.1155778894472,23.7286432160804,12.9849246231155,10.3266331658291,7.4824120603015,14.0299114140365
Shree Tirupati Balajee Agro Trading Company Limited,BALAJEE,19.5421686746987,4.73493975903615,-0.915662650602415,-5.54216867469878,-7.46987951807229,-14.1204819277108,-13.8915662650602,9.81756904252584
Shreeji Shipping Global Limited,SHREEJISPG,0.476190476190471,0.396825396825396,0.138888888888886,1.30952380952381,-0.138888888888886,0.103174603174599,-4.28571428571429,4.59444954990983
Shringar House of Mangalsutra Limited,SHRINGARMS,14.9575757575757,14.9272727272727,14.1878787878787,24.1272727272727,19.460606060606,40.7515151515151,31.8,16.6882452214553
Shriram Properties Limited,SHRIRAMPPS,-22.0762711864406,-32.2033898305084,-26.7372881355932,-21.7796610169491,-5.50847457627118,-14.7033898305084,-25.9745762711864,10.3770465566121
Shyam Metalics and Energy Limited,SHYAMMETL,20.7091503267973,15.0130718954248,29.9084967320261,26.0457516339869,32.7810457516339,30.9477124183006,12.9509803921568,24.2921790275134
Sigachi Industries Limited,SIGACHI,-61.8588957055214,-67.2944785276073,-74.9938650306748,-74.920245398773,-75.1901840490797,-75.8957055214724,-76.1042944785276,9.025203335
Signatureglobal (India) Limited,SIGNATURE,19.6103896103896,21.7792207792207,29.9480519480519,32.7532467532467,45.5974025974025,83.1298701298701,94.8051948051948,116.271891947894
Smartworks Coworking Spaces Limited,SMARTWORKS,12.7149877149877,4.47174447174446,4.42260442260442,7.67813267813267,12.6412776412776,21.6584766584766,25.8845208845208,33.8683955079911
Solarworld Energy Solutions Limited,SOLARWORLD,-5.28490028490028,-12.9914529914529,-6.13960113960114,-10.5840455840455,-7.07977207977208,-14.5156695156695,-14.8148148148148,14.203005215195
Sona BLW Precision Forgings Limited,SONACOMS,22.4810996563573,15.8487972508591,41.807560137457,32.5567010309278,36.1993127147766,60.4639175257731,49.5154639175257,44.5913933079339
Sri Lotus Developers and Realty Limited,LOTUSDEV,31.8666666666666,30.02,28.06,20.02,22.62,25.5333333333333,25.1133333333333,6.20866023428258
Star Health and Allied Insurance Company Limited,STARHEALTH,-0.327777777777782,-8.9611111111111,-11.5333333333333,-12.4833333333333,-11.6888888888888,-13.4055555555555,-14.0722222222222,42.4225751334402
Stove Kraft Limited,STOVEKRAFT,16.6467532467532,30.625974025974,19.7168831168831,28.3818181818181,29.5038961038961,12.2493506493506,25.0935064935064,27.2376706052481
Studds Accessories Limited,STUDDS,-6.32478632478632,-5.54700854700855,-6.82051282051281,-6.37606837606836,-10.5982905982905,-6.8974358974359,-7.76068376068375,9.63467818920402
Sudeep Pharma Limited,SUDEEPPHRM,22.7993254637436,11.8802698145025,12.9258010118043,15.8853288364249,4.78920741989881,1.41652613827992,-5.87689713322091,57.1870011037307
Sula Vineyards Limited,SULA,-16.3389355742296,-13.0,-13.2941176470588,-12.5266106442577,14.7591036414565,-1.22128851540616,3.34173669467787,40.9841106260648
Supriya Lifescience Limited,SUPRIYA,68.0875912408759,73.3649635036496,83.5364963503649,106.759124087591,74.2700729927007,63.9744525547445,52.3357664233576,47.0173123636896
Suraj Estate Developers Limited,SURAJEST,-6.175,-7.01944444444443,-4.64722222222222,-1.54166666666666,-8.60277777777778,-6.77222222222222,-3.17777777777777,8.78786473875575
Suryoday Small Finance Bank Limited,SURYODAY,-11.2131147540983,-13.1639344262295,-18.0327868852459,-16.0819672131147,-19.2459016393442,-23.0163934426229,-22.639344262295,13.6626533015404
Swiggy Limited,SWIGGY,10.4358974358974,6.88461538461539,26.025641025641,32.7692307692307,36.5,41.1923076923076,18.7435897435897,51.2079560410758
Syrma SGS Technology Limited,SYRMA,47.0863636363636,39.1318181818181,35.590909090909,29.5045454545454,22.9454545454545,34.0363636363636,25.7181818181818,18.1605797578947
TBO Tek Limited,TBOTEK,58.7228260869565,51.6902173913043,51.6358695652173,52.4239130434782,74.6304347826086,106.434782608695,96.4347826086956,210.991088730802
TVS Supply Chain Solutions Limited,TVSSCS,1.06598984771573,1.6751269035533,12.3350253807106,12.3604060913705,8.35025380710659,7.08121827411167,6.751269035533,8.90504137580291
Tamilnad Mercantile Bank Limited,TMB,-9.3313725490196,-9.3313725490196,-12.1333333333333,-11.8019607843137,-12.6470588235294,-7.6235294117647,-7.48627450980392,10.9477203541367
Tata Technologies Limited,TATATECH,138.048,131.242,142.26,135.766,130.218,128.522,122.055999999999,33.4379314124372
Tatva Chintan Pharma Chem Limited,TATVA,108.347183748845,95.8337950138504,98.2963988919667,102.113573407202,90.8365650969529,88.6546629732225,100.758079409048,73.2969109983821
Tega Industries Limited,TEGA,44.9735099337748,25.0794701986755,28.3311258278145,30.6181015452538,31.3885209713024,14.251655629139,16.690949227373,46.3772674198613
Tenneco Clean Air India Limited,TENNIND,20.9445843828715,23.6146095717884,23.4760705289672,19.3702770780856,21.448362720403,37.0403022670025,29.4836272040302,24.582356719907
Transrail Lighting Limited,TRANSRAILL,28.4675925925925,47.4398148148148,35.9375,37.2430555555555,15.449074074074,35.4166666666666,16.3263888888888,50.3983845168152
Travel Food Services Limited,TRAVELFOOD,-4.2090909090909,4.25454545454545,-0.08181818181819,-7.51818181818182,4.34545454545454,9.42727272727273,16.3454545454545,89.2002775993972
TruAlt Bioenergy Limited,TRUALT,3.00403225806451,4.77822580645162,-6.90524193548387,-7.90322580645161,-12.2177419354838,-4.72782258064515,-13.1149193548387,34.4316334342764
UMA Exports Limited,UMAEXPORTS,23.1617647058823,10.9558823529411,10.4411764705882,-2.4264705882353,2.5735294117647,-15.0735294117647,-22.2794117647058,10.7298149364948
UTI Asset Management Company Limited,UTIAMC,-21.6696750902527,-24.4620938628158,-25.0559566787003,-24.6606498194945,-24.6462093862815,-15.4638989169675,-12.0036101083032,29.2303263914787
Uniparts India Limited,UNIPARTS,-16.7175043327556,-13.8596187175043,-18.5875216637781,-15.9653379549393,-18.4263431542461,-19.8769497400346,-17.8873483535528,11.5067512274109
Updater Services Limited,UDS,-3.21666666666665,-3.08333333333333,-5.43333333333333,-11.6166666666666,-12.6833333333333,-7.54999999999999,-9.0,11.5015475149257
Urban Company Limited,URBANCO,65.2038834951456,70.2912621359223,69.3106796116504,58.9514563106796,48.4563106796116,47.5825242718446,40.9514563106796,12.0273933367205
Utkarsh Small Finance Bank Limited,UTKARSHBNK,103.479999999999,103.28,111.4,101.88,89.4,90.7599999999999,103.639999999999,1.95054449052663
VMS TMT Limited,VMSTMT,-4.38383838383838,-16.4949494949494,-24.5555555555555,-25.8282828282828,-29.1010101010101,-32.3939393939393,-37.7777777777777,10.9211422305108
Vedant Fashions Limited,MANYAVAR,3.22517321016165,-4.10046189376443,-3.12355658198613,-2.19861431870669,2.32217090069284,13.2471131639722,19.1870669745958,76.9971171383646
Ventive Hospitality Limited,VENTIVE,11.9517884914463,10.800933125972,6.62519440124417,7.64385692068428,8.57698289269051,9.53343701399688,-13.312597200622,55.9116543775812
Venus Pipes and Tubes Limited,VENUSPIPES,4.79754601226993,0.926380368098153,1.09509202453987,1.2484662576687,-0.0828220858895649,4.55214723926379,9.96625766871165,11.4755217746296
Veranda Learning Solutions Limited,VERANDA,0.583941605839424,10.8394160583941,48.3941605839416,107.299270072992,58.5401459854014,40.4014598540145,76.4963503649635,50.4006318460015
Vibhor Steel Tubes Limited,VSTL,180.761589403973,134.602649006622,107.417218543046,63.2450331125827,76.6225165562913,113.245033112582,95.5298013245033,58.9315240241547
Vidya Wires Limited,VIDYAWIRES,1.63461538461538,-0.115384615384619,-1.82692307692308,-4.32692307692307,-6.38461538461538,-12.9615384615384,-4.44230769230769,2.49233109472122
Vijaya Diagnostic Centre Limited,VIJAYA,19.6911487758945,7.52542372881356,5.68549905838042,8.51600753295669,5.0960451977401,5.48775894538606,6.16195856873823,27.4194519934123
Vikram Solar Limited,VIKRAMSOLR,6.71686746987952,-1.9578313253012,14.0963855421686,7.28915662650602,0.602409638554216,-1.5512048192771,-0.527108433734939,19.9615254928074
Vikran Engineering Limited,VIKRAN,-5.02061855670103,9.32989690721649,17.2371134020618,6.16494845360825,0.195876288659791,1.88659793814432,2.91752577319587,6.93426928206501
Vishal Mega Mart Limited,VMM,34.7820512820512,36.7179487179487,37.6410256410256,42.9102564102564,40.8205128205128,47.7692307692307,31.6923076923076,4.19666477552058
Vishnu Prakash R Punglia Limited,VPRPL,65.1515151515151,54.2424242424242,75.4040404040404,82.9292929292929,72.3232323232323,96.060606060606,97.020202020202,15.5461869463681
Vraj Iron and Steel Limited,VRAJ,27.8260869565217,16.0,19.3091787439613,14.0628019323671,9.32850241545893,2.84541062801931,8.00966183574879,17.0157963025397
Waaree Energies Limited,WAAREEENER,58.2747837658017,98.8636061210911,90.8443113772455,107.099135063206,73.4058549567531,118.922155688622,85.5515635395875,307.322070767708
Wakefit Innovations Limited,WAKEFIT,-0.528205128205128,-4.27179487179487,-5.56923076923077,-9.8153846153846,-8.76410256410256,-7.65641025641025,9.4102564102564,12.9401466466997
WeWork India Management Limited,WEWORK,-5.36265432098765,-0.27777777777777,-1.57407407407408,-0.385802469135802,-3.58796296296296,-5.95679012345679,-5.67129629629629,16.2243350439716
Western Carriers (India) Limited,WCIL,-3.25,-11.6162790697674,-11.4651162790697,-11.7558139534883,-22.7906976744186,-23.1511627906976,-30.5988372093023,16.161746870458
Windlas Biotech Limited,WINDLAS,-15.9304347826086,-28.5326086956521,-18.1586956521739,-17.5521739130434,-18.9652173913043,-24.4086956521739,-28.7326086956521,24.7696723164975
Yatharth Hospital and Trauma Care Services Limited,YATHARTH,16.3666666666666,12.3999999999999,25.4333333333333,26.35,22.3999999999999,20.7999999999999,33.9166666666666,21.0816637772982
Yatra Online Limited,YATRA,-3.62676056338028,-3.6619718309859,5.80985915492957,0.0352112676056418,-8.48591549295775,-2.35915492957746,-6.61971830985915,6.626003967055
Zaggle Prepaid Ocean Services Limited,ZAGGLE,4.29878048780488,22.2865853658536,28.7195121951219,43.4451219512195,21.9817073170731,42.0121951219512,49.2682926829268,25.7723181136734
Zomato Limited,ZOMATO,,,,,,,,
eMudhra Limited,EMUDHRA,-1.03515625,-1.24999999999999,-0.667968750000003,-4.69140624999999,-2.3515625,-3.72656249999999,37.66015625,38.8374908463213
