COMPANY NAME,Symbol,Company_Age,Log_Issue_Price,Range_Width_pct,Days_to_List,Revenue_CAGR,PAT_CAGR,Avg_Operating_Margin,Avg_ROE_pct,Avg_ROCE_pct,Avg_DE_pct,Avg_Interest_Coverage,Avg_Assets_Turnover,Log_Latest_Revenue
ACME Solar Holdings Limited,ACMESOLAR,-0.8135593220338984,-0.11534080602600652,-0.3802402988422207,-0.3333333333333333,-0.4489837221115965,0.848717445122769,3.4702770769872333,-0.5236396074933095,-0.8412217659137577,3.6997962063019285,-0.2829209205744938,-1.0102389078498293,0.2560829209333979
AGS Transact Technologies Limited,AGSTRA,0.06779661016949153,-0.5460150110370555,0.3948616413379159,1.3333333333333333,-0.8736188556627963,-0.4419134162990859,-0.3116313472463881,-2.0027302462628067,-0.6006103125712984,1.7663252686767354,-0.30787717982734414,-0.19546020911208636,-0.1136744439381617
ASK Automotive Limited,ASKAUTOLTD,1.0169491525423728,-0.13641243031635078,-0.06806618127871984,0.0,-0.07013628768484309,-0.11516788000309487,-0.28830904057803936,0.524937150271673,0.08198151950718681,-0.00556513560119125,0.3235277152909962,1.2546725174711524,0.6312134467967435
Aadhar Housing Finance Limited,AADHARHFC,0.8813559322033898,-0.04129500997858227,-0.5941205251612282,-0.3333333333333333,-0.03387788586777912,-0.000255811502483561,4.403695829360981,-0.04841456491768709,1.3805441478439424,3.4510633850655807,-0.24046836246178685,-0.9738339021615471,0.5369444375945174
Adani Wilmar Limited,AWL,0.2711864406779661,-0.31150248166656325,0.588358152174698,0.6666666666666666,-0.6550948089063232,-0.3736705147752936,-0.6614603317418227,-0.595491038845187,-0.16196098562628344,0.17805821184093656,-0.20678318048105204,2.437835202340321,2.7329532977362607
Aditya Birla Sun Life AMC Limited,ABSLAMC,0.6101694915254238,0.6604643849593631,-6.757896317071295,1.3333333333333333,-0.5779185146036917,-0.3071082839947501,3.49214244422491,0.8189927824182954,0.8977241615331966,-0.5523593039661389,7.586722039568553,-0.5707784820412807,0.11288614336104733
Aditya Infotech Limited,CPPLUS,0.5423728813559322,0.614509125596761,0.5047485487267043,-0.3333333333333333,0.24059579552415833,0.28179586971231296,-0.2577065006282064,1.1722488038277512,1.0945756331279946,0.4827559178554634,0.15348676241564294,0.5317731188038355,0.6376587052432536
Advance Agrolife Limited,ADVANCE,0.06779661016949153,-1.024954129565673,0.023993328900743828,-0.3333333333333333,0.2522954794869688,0.26961384523292464,-0.35159221781308175,0.7704971210769607,0.9713723477070502,0.14370068453780654,0.15683220857126373,1.1792621485454249,-0.7357815355879794
Aequs Limited,AEQUS,0.2033898305084746,-0.8410987319882158,-0.3947289593347958,-0.3333333333333333,0.16118776054055792,-0.6971812782695966,-0.9912023563726999,-2.108101532722407,-1.4672313483915127,1.0204054972043688,-0.36621099382822864,-0.47196489517308626,-0.22443712017304135
Aeroflex Industries Limited,AEROFLEX,1.2881355932203389,-0.959216520558391,1.466258988378653,0.3333333333333333,-0.08194063593148387,-0.0679620432033761,0.6527136250500476,0.19649663449841848,0.23078370978781648,-0.34409782097507435,0.7388244794370422,-0.19892735251097027,-0.6459515894889297
Aether Industries Limited,AETHER,-0.6779661016949152,0.5713479988059134,-0.016444026037892714,0.6666666666666666,-0.14646759012642843,-0.12140279713805471,0.9293223994964597,-0.3056524207282459,-0.3315708418891171,-0.30427966765950765,0.7886600911345678,-0.5759791971396067,-0.29193112616203964
Ajax Engineering Limited,AJAXENGG,0.7457627118644068,0.5537337942175454,-0.5744666665265065,-0.3333333333333333,0.3842407284520087,0.20709509230175346,0.18986357217926014,0.26153596626388786,0.37890143737166326,-0.5639598683179181,7.586722039568553,0.4823663253697383,0.14477547333012467
Akums Drugs and Pharmaceuticals Limited,AKUMS,-0.06779661016949153,0.6195969785544906,-0.3392282142078474,-0.3333333333333333,-0.8699770027518485,4.175655741788722,-0.40990028440694887,-1.5669045495093668,-0.5720910335386722,0.05541620943721602,0.2058602987829498,0.3256947830326669,0.6266745810302379
All Time Plastics Limited,ALLTIME,0.13559322033898305,-0.15801184209666147,1.2040288684735778,-1.0,-0.5168722787718041,-0.30942811682128596,0.026418773483084808,0.10161381883058958,-0.019866529774127333,0.5220515232272565,-0.1050354732652708,0.22233057045343738,-0.7640342549410132
Allied Blenders and Distillers Limited,ABDL,-0.3389830508474576,-0.13946513642407043,-0.02220023314659194,-0.3333333333333333,-0.8736188556627963,7.538912452024319,-0.6603179396977373,-0.9742924337036737,0.4111396303901438,1.5594398286042748,-0.25702255292149734,2.5164960182025027,1.1096887920520362
Anand Rathi Share and Stock Brokers Limited,ARSSBL,0.8135593220338984,0.19373718712376986,0.21211493665872777,-0.3333333333333333,0.016411246875673618,0.01985691578227202,1.2075564592049302,0.14378395912740247,1.3181211498973315,1.502168573966662,-0.22708657783930317,-0.8152120916626036,-0.46245847391795336
Anand Rathi Wealth Limited,ANANDRATHI,0.5423728813559322,0.43818665218144454,-3.5161132898178122,0.6666666666666666,0.4729745541673704,0.1530817315077191,2.0598679200388412,1.7908523234125375,1.7502908966461328,-0.5147358520144222,2.6732998788717772,0.00650089387290753,-0.24883380895747403
Angel Broking Limited,ANGELBRKG,0.4745762711864407,-0.06621326733534823,-11.254051254229907,1.6666666666666667,0.037245957696846216,-0.3014230683248473,1.7829909972603253,1.2288541075338577,1.745225872689938,0.5966974969953497,0.21739632000922882,-0.7372013651877132,0.780679934296009
Anthem Biosciences Limited,ANTHEM,-0.2033898305084746,0.4689345998211799,0.7071717991797543,-0.3333333333333333,-0.3001026217619686,-0.30341232527618806,1.7531168315649805,0.5152055794339468,0.6065537303216976,-0.5170089355698384,3.804406760108438,-0.32114415732163154,0.18698403430730814
Antony Waste Handling Cell Limited,AWHCL,0.13559322033898305,-0.04129500997858227,-11.254051254229907,1.0,-0.4708510009952312,-0.4915034920073124,0.23305567947322087,-0.13405238828967647,-0.37633470225872695,0.18406098134503865,-0.12383918786410561,-0.32439460425808536,-0.375340271100626
Anupam Rasayan India Limited,ANURAS,0.0,-0.2893887424722659,-10.756331346180005,1.6666666666666667,0.016378042638482974,-0.303097196654261,0.6266519063792174,-0.7198929527207849,-0.6518993839835729,-0.06730417515807059,-0.08380919420891726,-0.7033967170485941,0.21931296788410817
Apeejay Surrendra Park Hotels Limited,PARKHOTELS,1.0847457627118644,-0.650043209522368,0.4427156171362558,-0.3333333333333333,0.31023982266043326,6.069122316592789,0.5838545645805343,1.9259589652096345,1.7502908966461328,0.17019386528714028,-0.1253388706235219,8.161222168048107,-0.6591964811475176
Aptus Value Housing Finance India Limited,APTUS,-0.4067796610169492,0.0566332655398788,-7.808367207130951,1.6666666666666667,0.31643838452971396,0.020550968617158646,4.921985648070966,0.04030492255291541,0.6941649555099246,1.1353921722318028,-0.17448232104747063,-0.940029254022428,0.17583653186692355
Archean Chemical Industries Limited,ACI,-0.4067796610169492,0.1790667968388351,0.43860041037225983,1.3333333333333333,-0.8736188556627963,-0.7648820325187531,1.2277166107226403,0.8733273862622657,0.19409650924024646,0.4350995453832893,0.8086174078560305,-0.34714773281326167,-0.33841553762599225
Arisinfra Solutions Limited,ARISINFRA,-1.2203389830508475,-0.34189817682591805,1.076457458790025,-0.3333333333333333,0.13390155464419892,8.157117662686192,-0.5681128582992304,-1.5993025707566297,-0.6733915126625599,1.2511104143805198,-0.2818826786641287,0.6201852754753779,-0.357071808172439
Arkade Developers Limited,ARKADE,1.152542372881356,-0.8139346413907919,1.2409049790852418,-0.3333333333333333,0.7581929718754926,-1.350848505386889,1.021647420039649,0.6188468088557295,0.7563141683778234,-0.12371322568845673,4.876103132029764,-0.25873557614171955,-0.5502638173276179
Ather Energy Limited,ATHERENERG,-0.6779661016949152,-0.025074056996430897,0.7923030727347782,0.0,2.2168841752986053,-1.490702117026602,-3.90136568163283,-2.108101532722407,-1.512542778918549,0.6846684433296758,-0.48500317240583724,-0.05590768730700476,0.5633643094605577
Atlanta Electricals Limited,ATLANTAELE,1.0169491525423728,0.7098243410171876,-0.5613293392693619,-0.3333333333333333,0.4898863666264644,0.2551516442806856,0.20137584006869402,1.9259589652096345,1.7502908966461328,-0.015153890369441262,-0.07042740958643354,0.7554038680318542,0.04149742746244757
Avalon Technologies Limited,AVALON,0.2711864406779661,0.23828358856881215,-0.45235129257820283,1.6666666666666667,-0.19334478456154167,-0.23340413409297928,-0.19327205637625272,0.6738301840888818,0.18040725530458576,0.7978784553482784,-0.034550383572705734,0.28733950918251266,-0.056457291502820216
Awfis Space Solutions Limited,AWFIS,-0.7457627118644068,0.12678481562508367,-0.07768075153242938,-1.0,1.6455533650107712,3.917615239803026,-0.29015587074661864,-2.108101532722407,-0.8813312799452431,1.2758791869153998,-0.30910768875814726,-0.4511620347797822,-0.07727588901298879
Azad Engineering Limited,AZAD,1.3559322033898304,0.3965017666755688,-0.5705283933268079,0.0,0.6394450701808516,0.4067201420132026,1.2386733741589495,-0.4024815505636202,-0.3171971252566735,0.43381930292104326,-0.08969256503431959,-0.6565902811636599,-0.7280251108602297
BLS E- Services Limited,BLSE,-0.8813559322033898,-0.7683638891827431,-1.4182723305771907,-0.3333333333333333,1.3609714049542898,0.8832245444225071,0.1477270099180779,-0.2507771740599571,-0.08635067305498499,-0.5639598683179181,2.910480475284075,0.03423804106397961,-0.8546133261802399
BMW Ventures Limited,BMWVENTLTD,0.6101694915254238,-1.033535181210187,0.15510838885328143,-0.3333333333333333,-0.5827163805558712,-0.4183702496997213,-0.6077060612370982,0.1483253588516747,0.7092231348391513,1.5238281862360874,-0.1570629289957893,3.4753778644563624,0.18772138368520663
Baazar Style Retail Limited,STYLEBAAZA,-0.6779661016949152,0.14015544895723434,-0.2763241991653745,-1.0,0.6631536123697273,8.157117662686192,-0.4195653204415547,-0.9120914767658747,-0.7299281314168379,1.2447092020692903,-0.27980619484339847,-0.04290589956118956,0.03577781171114027
Bajaj Housing Finance Limited,BAJAJHFL,-0.3389830508474576,-1.328894910669043,1.8783348910866342,-0.3333333333333333,0.6463516152272278,0.2434342674292502,1.1759642757499615,-0.19819965939502077,0.0,0.0,0.0,0.0,1.0655111282716534
Bansal Wire Industries Limited,BANSALWIRE,1.2203389830508475,-0.21952151818665278,0.22681193726482682,-0.3333333333333333,-0.21178193752663985,0.08220735705344016,-0.46729677732924013,0.14962290163003802,0.056793292265571574,0.9567852850499036,-0.07123493107227315,1.8761579717211112,0.6271704083691425
Belrise Industries Limited,BELRISE,0.4745762711864407,-1.1148676336797712,1.466258988378653,-0.3333333333333333,-0.30274285160392417,-0.15634042863140232,-0.2148403675154994,-0.18189927824182958,-0.2269849418206708,0.7695302293985475,-0.19605468074061252,0.34194701771493563,1.2354137167230967
Bharti Hexacom Limited,BHARTIHEXA,0.5423728813559322,0.4689345998211799,-0.203732827858944,0.3333333333333333,-0.33092429096883946,-0.48179470099341964,0.6858980326770002,0.6730192198524045,-0.3319815195071869,1.1791555625228618,-0.190286670127473,-0.6227856330245408,1.2322824304878275
Bikaji Foods International Limited,BIKAJI,0.5423728813559322,-0.08323464703293076,0.023993328900743828,1.0,-0.22296192862621295,0.19632707390027532,-0.1078378882077686,-0.08588111264293254,-0.06011293634496929,-0.37994460991795986,0.8771413739401281,0.7372013651877132,0.3977034994329733
Billionbrains Garage Ventures Limited,GROWW,-1.0169491525423728,-1.024954129565673,0.023993328900743828,-0.3333333333333333,2.2168841752986053,8.157117662686192,0.4083366697332414,-1.0363311977941774,0.08858658453114293,-0.5585123060040758,-0.48500317240583724,-0.7989598569803348,0.6074495261914353
Blue Jet Healthcare Limited,BLUEJET,2.3728813559322033,0.03940952606256666,-0.20110015552644916,-0.3333333333333333,-0.5937046838650484,-0.33940507577282014,1.4621123388971016,0.734490308977374,0.9004620123203286,-0.532580864294299,7.586722039568553,-0.1573216317243621,-0.40151908252401386
BlueStone Jewellery and Lifestyle Limited,BLUESTONE,-0.5423728813559322,0.3849259073001202,-0.40282803647667104,0.0,1.4790293535901635,1.493729082976475,-4.55492323971984,1.9259589652096345,-1.512542778918549,-0.5639598683179181,-0.48500317240583724,-0.3757516658540548,0.24993412603910786
Brainbees Solutions Limited,FIRSTCRY,-0.4745762711864407,0.293694157899514,1.0010120014502901,-0.3333333333333333,0.7472705856039108,-1.490702117026602,-1.032036409992254,-1.7558186683967238,-1.502138945927447,-0.24813189110100842,-0.45815308300167273,-0.13911912888022115,1.164973544652043
Brigade Hotel Ventures Limited,BRIGHOTEL,-0.8813559322033898,-1.1148676336797712,1.466258988378653,-1.0,1.0857708917566287,3.285896091805808,0.0020744478401059784,-1.4809017922309626,-0.7464921286789871,3.6997962063019285,-0.2845359635461729,-0.648789208516171,-0.8567110749041142
Burger King India Limited,BURGERKING,0.0,-1.4598106817716026,-8.629600627966814,1.3333333333333333,-0.20746656355633303,-0.23867891864076443,-1.1539471211709038,-2.108101532722407,-1.512542778918549,0.6241051366462874,-0.3945896060448751,-0.12091662603607992,0.35485409333087237
C.E. Info Systems Limited,MAPMYINDIA,0.5423728813559322,0.9810216646866858,-4.66302101656626,0.6666666666666666,-0.0038100818596079867,-0.27431309664813447,2.1553732778402606,0.25342632389911607,0.38793634496919904,-0.5487014683597219,3.635750129780239,-0.5577766942954654,-0.8797381276644908
CMS Info Systems Limited,CMSINFO,-0.3389830508474576,-0.3654193232276113,0.2643709388137241,0.6666666666666666,-0.4655992886545629,-0.34353443027693253,0.5436621237585973,0.09804557619009,0.1309890485968515,-0.49636829179077174,1.0768299013670186,-0.05590768730700476,0.2635270339341633
CRIZAC LIMITED,CRIZAC,-0.5423728813559322,-0.25724631742754867,-0.24091260855441005,-0.3333333333333333,2.2168841752986053,0.20672542175832256,1.8844021102721193,1.9259589652096345,1.7502908966461328,-0.5639598683179181,7.586722039568553,0.3757516658540548,-0.3630539100979891
Campus Activewear Limited,CAMPUS,-0.3389830508474576,-0.10646537357135362,-0.5094473944678181,1.6666666666666667,-0.5411098805386888,-0.3285189027970193,0.009097342976124122,0.24596545292352617,0.24488364134154678,-0.20813084600512086,0.12568495126031035,0.4849666829189013,0.013591048697489927
Canara HSBC Life Insurance Company Limited,CANHLIFE,-0.2711864406779661,-0.9751871357713799,1.7383845845065626,-1.0,-0.7079926072191276,1.2270765207820522,-0.8108033258860424,-0.7529802935690536,-1.3221252566735113,-0.557610910801066,0.014218146161388999,-0.7814074435234843,1.3736475045571013
Canara Robeco Asset Management Company Limited,CRAMC,0.6779661016949152,-0.18660192692036118,-0.2687974440759825,-1.0,0.37117277728563336,0.2045496103718185,3.1942833831154136,0.9881599221474332,1.0714407939767283,-0.5439201546741913,5.3603853031089574,-0.4303591743864781,-0.9863918775451513
Capillary Technologies India Limited,CAPILLARY,-0.6101694915254238,0.47944251054627324,-0.3584445322779802,-1.0,1.2286516574325312,6.1355280162115164,-1.416871212606858,-2.108101532722407,-1.512542778918549,-0.13774363797878444,-0.39643536944107977,-0.3523484479115877,-0.6240124952845217
Capital Small Finance Bank Limited,CAPITALSFB,0.2711864406779661,0.2992282212213992,-0.19789369563433207,-0.3333333333333333,-0.27794155151767885,-0.05301280561914641,0.8728320774213787,-0.3450652826210365,0.0,0.0,0.0,0.0,-0.8352985874739979
CarTrade Tech Limited,CARTRADE,0.2033898305084746,1.367694192142708,-7.661553343545891,1.0,0.16183230398285625,5.430525960364642,0.042804329719550685,-1.0546589895385614,-1.0458761122518823,-0.5257616136280503,0.14829555286381735,-0.8802210303916789,-0.5145930291696291
Carraro India Limited,CARRARO,0.4067796610169492,0.6507335220555319,0.3190022137939454,0.0,-0.5196504312104523,0.5923629841140937,-0.43292584976472226,0.06074122131214004,-0.022193702943189546,0.0812562052568326,-0.02289900213416389,0.9790346172598731,0.18822847659198247
Ceigall India Limited,CEIGALL,0.06779661016949153,0.16629043612117017,0.6390243208476709,-1.0,0.7893105685073651,-0.00251766443534541,0.17729864469492884,0.7028627037547637,0.40696440793976735,0.5900088833150444,0.054046259445117394,0.16512270437185111,0.6101378977049668
Cello World Limited,CELLO,-1.0169491525423728,0.5793578573930045,-0.5368877608962278,-0.3333333333333333,-0.3420044342809936,-0.28475598093672394,0.6521607775530688,1.7764171600032441,1.5385181382614646,0.7424361185138739,7.586722039568553,0.10011376564277581,0.21782367169594646
Chemplast Sanmar Limited,CHEMPLASTS,1.2203389830508475,0.4239841405668552,-7.677865248237391,1.6666666666666667,-0.8736188556627963,-1.490702117026602,-0.4740222353178334,-1.0042170140296813,-0.7122689938398358,0.6279197366358367,-0.2804983561169752,-0.12871769868356908,0.6407967002777485
Clean Science and Technology Limited,CLEAN,0.0,0.8622838684160381,-7.187334968488879,1.3333333333333333,-0.6532687665570672,-0.4963270431641912,1.7876839752066622,0.5654853620955316,0.6777378507871321,-0.5613993833934263,7.586722039568553,-0.2925402242808386,-0.4210332405771659
Computer Age Management Services Limited,CAMS,1.0169491525423728,1.138392686277627,-11.254051254229907,1.6666666666666667,-0.3745094056489197,-0.2375251283250148,1.9898767511135258,1.9259589652096345,1.7502908966461328,-0.4273135810210586,3.4385995270231304,-0.003900536323744518,-0.08591029113366296
Concord Biotech Limited,CONCORDBIO,1.2881355932203389,0.6948459398088305,-0.34387200124949663,1.3333333333333333,-0.6059344630661031,-0.3011849458920889,1.606887067637223,0.16730192198524035,0.3606605065023956,-0.5440442598108375,7.586722039568553,-0.3959044368600682,-0.37416642985844345
Concord Enviro Systems Limited,CEWATER,0.2711864406779661,0.6470559532631587,0.3758156224395769,-0.6666666666666666,-0.3377928553799144,-0.40727532405129224,-0.12031028100489173,-0.7054577893114915,-0.5369096509240247,-0.07791189841667955,-0.19778508392455435,-0.2899398667316757,-0.8022887088101729
Corona Remedies Limited,CORONA,-0.06779661016949153,1.0048756114565984,0.24399995492278784,-0.3333333333333333,0.05821374124782541,8.157117662686192,0.016215033846729572,0.18481874949314736,0.16904517453798776,-0.39436693316611793,0.7462075330218608,0.5161709735088574,-0.1609889866520441
Craftsman Automation Limited,CRAFTSMAN,0.0,1.2966664557319774,-11.254051254229907,0.6666666666666666,0.8367923278151596,-0.028054372458539947,0.06727641926615348,-0.1246452031465413,-0.14457563312799449,0.624314155823797,-0.17598200380688697,-0.016902324069559434,1.1129760279193643
Credo Brands Marketing Limited,MUFTI,0.2711864406779661,-0.14252868698122947,0.023993328900743828,0.0,-0.04029854248059532,-0.022814676348496692,0.5072528407653291,0.29750223015165017,-0.011687200547570277,-0.5309479019700056,-0.057593585972198186,-0.1033642125792298,-0.755879586646156
Cyient DLM Limited,CYIENTDLM,0.6779661016949152,-0.18983791036053016,1.7383845845065626,1.3333333333333333,-0.29974667142878214,-0.17370102747046234,-0.2159901811445136,0.1822236639364204,-0.2245208761122518,1.0867168312692694,-0.15648612793447542,-0.07671054770030886,-0.2233537324419611
DEE Development Engineers Limited,DEEDEV,1.0169491525423728,-0.4186954124187962,-0.16783510856677886,-0.3333333333333333,0.18594575988991058,0.9831681350833416,-0.15708003629934747,-0.8525667018084503,-0.5685318275154004,0.4350734179861005,-0.23389283036280786,-0.37835202340321794,-0.30588737535207816
DOMS Industries Limited,DOMS,-0.2033898305084746,0.7499945892852482,0.18830207491719855,-0.3333333333333333,0.7214178246034123,1.3421540771491023,0.008094374934856458,0.24547887438163987,0.296492128678987,-0.2257929665046767,0.5759358597219819,0.7241995774418981,0.20739321179750056
Data Patterns (India) Limited,DATAPATTNS,1.2203389830508475,0.4912968356862777,0.35682386570331964,0.6666666666666666,0.539114985403299,0.09988596928709759,2.013651335929581,-0.10550644716568001,-0.029722792607802785,-0.5639598683179181,1.003922247216935,-0.6357874207703559,-0.44829757987020036
Deepak Builders & Engineers India Limited,DBEIL,-0.9491525423728814,-0.4186954124187962,1.1110211412166173,-0.3333333333333333,-0.6968003408682326,-0.056906885911101164,0.18142619632950113,0.4044278647311652,0.14057152635181389,0.3889846893452476,-0.1608698160004614,0.01170160897123341,-0.8349868187700197
Delhivery Limited,DELHIVERY,-0.5423728813559322,0.33347594600129454,0.3704924709108137,1.6666666666666667,-0.502645657812311,1.7707828827611294,-1.1650075962937894,-1.7016462574000488,-1.512542778918549,-0.5416993259131524,-0.48500317240583724,-0.16512270437185125,1.3242821933888462
Devyani International Limited,DEVYANI,0.8135593220338984,-1.1148676336797712,-1.4182723305771907,1.3333333333333333,0.3289295353248907,-1.490702117026602,-0.24121153608987075,-0.5032033087340848,-0.6529945242984257,1.3539478497152118,-0.25534982984368687,0.0039005363237443738,0.8487030705681584
Dharmaj Crop Guard Limited,DHARMAJ,-0.8135593220338984,-0.2857576273185664,3.9745470918185264,0.6666666666666666,0.44945524206246895,-0.15410343250982472,-0.2723390618444316,-0.0017030248966021244,-0.06942162902121839,-0.17157861733814062,0.372094364653631,0.63058670567203,-0.3136747003500445
Dodla Dairy Limited,DODLA,0.5423728813559322,0.22234985909470462,-8.710475337844086,1.3333333333333333,-0.24148654948035295,-0.1226567269868456,-0.33967040366088846,-0.0021896034384884457,-0.042180013689253996,-0.5119663479124208,4.702370652362001,1.6031204290589953,0.6293400440851719
Dr. Agarwal's Health Care Limited,AGARWALEYE,-0.4745762711864407,0.1684330175336558,-0.04058573047887275,-0.6666666666666666,0.49086050393740727,0.2996757019417321,0.22772075319933097,-0.371016138188306,-0.6382101300479125,0.3958823222030624,-0.20066908923112414,-0.4329595319356409,0.13551549018719053
Dreamfolks Services Limited,DREAMFOLKS,-0.3389830508474576,-0.011785834536811276,1.3777764325824575,1.6666666666666667,0.09840199817917891,-0.657423941230706,-0.3602299772103055,0.6936177114589247,1.2490930869267625,-0.5527316193760777,1.9291111495645148,1.9021615472127413,-0.7147680860230368
EMS Limited,EMSLIMITED,-0.4745762711864407,-0.38552253131297826,0.5776592929657174,1.0,-0.09216163974725126,-0.4263413111116477,0.9647200837961319,0.19033330630119222,0.25241273100616024,-0.386554841406699,1.1984195650919998,-0.1625223468226881,-0.627257140193292
EPACK Durable Limited,EPACK,-1.0847457627118644,-0.31150248166656325,0.588358152174698,0.0,-0.08587159905537843,-1.1740048652759754,-0.4774806538850091,-0.6965371827102426,-0.3830424366872005,1.59988503945237,-0.23227778739112875,0.04290589956118956,0.0582811731868867
ETHOS Limited,ETHOSLTD,-0.2711864406779661,0.8409653124502253,-0.537800356226215,1.3333333333333333,0.39743269012829124,0.3370609751756424,-0.10447303534313092,-0.5330467926364446,-0.5061088295687884,-0.32609604431206557,0.009055776662629113,0.032504469364537505,-0.04482774461971703
Easy Trip Planners Limited,EASEMYTRIP,0.0,-0.4891336131880181,-11.254051254229907,1.0,0.07840749601259399,-1.490702117026602,1.3854213976027556,0.469305003649339,0.8927960301163591,-0.23911793907090964,1.886197150602757,-0.4277588168373152,-0.8176232012304437
Ecos (India) Mobility & Hospitality Limited,ECOSMOBLTY,0.4745762711864407,0.009058408579192753,-0.5200949138963343,-0.3333333333333333,1.5794131784652232,0.5939629658627902,-0.04352309676387171,0.9202011191306465,0.9196269678302534,-0.33262789360923856,2.120263021283959,1.1610596457012838,-0.5579568961140675
Electronics Mart India Limited,EMIL,-1.0169491525423728,-1.4740653629258422,0.24399995492278784,1.3333333333333333,-0.4075917849914004,-0.48357977521987544,-0.5183599895397583,-0.3127889060092451,-0.36921629021218344,0.30182369232377093,-0.19824652477360546,1.5173086299366163,1.0235676228081807
Elin Electronics Limited,ELIN,1.423728813559322,-0.2502633758341567,0.7071717991797543,0.6666666666666666,-0.8611598446063441,-0.7524506019594617,-0.5794446400648008,-0.7601167788500527,-0.6724332648870637,-0.4016303495845743,-0.08507815654380807,1.0362424833414592,-0.2247349129815057
Emcure Pharmaceuticals Limited,EMCURE,1.4915254237288136,0.9599146743777359,-0.5941205251612282,-0.3333333333333333,-0.4908249006659628,-0.3492149916263929,0.26162486764988424,0.45308571891979565,0.4604893908281999,0.37231540993886214,0.016438830247447717,0.06630911750365695,1.2042642368968282
Emmvee Photovoltaic Power Limited,EMMVEE,-0.2711864406779661,-0.36145431130075817,0.20344573814453104,-0.3333333333333333,2.2168841752986053,3.5293368583266793,0.2800792515766657,0.8202903251966588,-0.20042778918548954,3.6997962063019285,-0.11564861279344749,-0.2821387940841867,0.7737426163254446
Entero Healthcare Solutions Limited,ENTERO,-1.0169491525423728,1.150811296353122,0.04462988046718825,-1.0,0.2826373176551119,8.157117662686192,-0.6982305446155158,-1.100072986781283,-0.8488877481177276,0.0025604849244918884,-0.21854992213185667,1.4991061270924748,0.962206930599743
Enviro Infra Engineers Limited,EIEL,-0.4067796610169492,-0.6896352114053076,1.076457458790025,-1.0,1.4970706612932028,0.5425857998484436,0.8189137763050807,1.3736923201686801,1.3422142368240937,0.11344515859330129,0.16559958470323588,0.08451162034779804,-0.2876910788178935
Epack Prefab Technologies Limited,EPACKPEB,0.2711864406779661,-0.4144783449695253,-0.23052414041890495,-0.3333333333333333,0.698333047790364,0.3628222581265143,-0.2705425061116407,0.2806747222447489,0.18684120465434628,0.3469457072686422,-0.08692391994001267,0.6227856330245409,-0.09757806941135663
Equitas Small Finance Bank Limited,EQUITASBNK,0.6779661016949152,-1.963888307698007,-5.089494009248259,1.6666666666666667,-0.3392981481473742,-0.9357685633685088,-0.08906685344190761,-0.6864812261779256,0.0,0.0,0.0,0.0,0.6763637215500086
Exicom Telesystems Limited,EXICOM,0.6101694915254238,-0.7250808269268751,-0.1588290786387168,-0.3333333333333333,-0.6534585048523043,-1.490702117026602,-0.7531225599523603,-2.005271267537102,-0.8820157426420261,0.24342895960704417,-0.248658937532445,0.032504469364537505,-0.2960038494450782
FINO Payments Bank Limited,FINOPB,-0.2711864406779661,0.47944251054627324,-5.307640382826162,1.3333333333333333,-0.5582564924345892,-0.39516596594201975,-0.5080332469962467,-0.39794015083934803,0.0,0.0,0.0,0.0,-0.13082088076499168
FSN Ecommerce Ventures Limited,NYKAA,-0.6101694915254238,1.0545288671821382,-3.7258973857418716,1.0,0.3002126301350206,0.46902933316196777,-0.6549055506624326,-0.8144513826940233,-0.5139117043121151,0.6420024037205417,-0.21901136298090784,1.2572728750203153,1.2677239039820039
Fedbank Financial Services Limited,FEDFINA,0.5423728813559322,-0.7372273456817026,0.023993328900743828,0.0,0.22314837240253532,0.1913134179635083,3.227895476936407,-0.38739761576514486,1.7502908966461328,3.6997962063019285,-0.26757801234354267,-0.9634324719648951,0.16969143081203694
FiveStar Business Finance Limited,FIVESTAR,1.2881355932203389,0.31019093547686577,0.18830207491719855,1.3333333333333333,0.0038100818596079867,-0.2099542626318286,4.093712722778572,0.039548022598870275,0.7792664841432807,0.9874675584818248,-0.16925265809155748,-0.8845549596402836,0.44418494726965196
Flair Writing Industries Limited,FLAIR,-0.8813559322033898,-0.07184981403436803,0.7071717991797543,0.3333333333333333,-0.01292724004066388,0.024328980806798357,0.24041141896664112,0.06885086367691187,0.06747091033538669,-0.3333594607305219,0.9398973294110863,0.1859255647651552,-0.23858957519155746
Fujiyama Power Systems Limited,UTLSOLAR,-0.9491525423728814,-0.3190015600062927,0.7071717991797543,-1.0,1.3831518666059852,1.4962654038485095,-0.5410831788269473,-0.6306868867082963,-0.5404688569472964,0.13651565031091617,-0.11784045682644052,0.19632699496180728,0.2992069936871339
Fusion Micro Finance Limited,FUSION,0.6101694915254238,0.09242215933639976,-0.25818908273625973,1.6666666666666667,-0.5968593081832794,-0.7092430141485716,1.6923824538711738,-1.8727597112967318,0.35795687885010263,3.6997962063019285,-0.29157293649420307,-0.8724199577441898,-0.013006616719676251
G R Infraprojects Limited,GRINFRA,0.5423728813559322,0.7997717722814309,-10.164915684830396,1.3333333333333333,-0.8736188556627963,-0.4582155797110452,0.5882436565850516,0.031059930257075593,-0.27229637234770715,0.3711135496681821,-0.13122224144892417,-0.3289452299691209,1.1476709139656573
GK Energy Limited,GKENERGY,-0.3389830508474576,-0.6611709584305093,0.6178674239798867,-1.0,2.2168841752986053,4.277363135453812,0.013815216452130187,1.9259589652096345,1.7502908966461328,1.3266447196530284,0.01978427640306863,0.9712335446123843,-0.016346827453314238
GNG Electronics Limited,EBGNG,-0.2033898305084746,-0.2857576273185664,0.18830207491719855,-0.3333333333333333,0.8295685382104966,0.6779707825283482,-0.3227658884706498,0.9247425188549184,1.0739048596851473,1.271385274598945,-0.13690373190286664,1.5771168535673652,0.05242731210051739
GPT Healthcare Limited,GPTHEALTH,0.9491525423728814,-0.4937330298233026,-0.3947289593347958,-1.0,-0.6397439672243121,-0.4922310852651478,0.3410263528230308,0.48747060254642766,0.30826488706365507,-0.11592726132622655,0.24992789986733577,0.25873557614171955,-0.9492406039477559
Gandhar Oil Refinery (India) Limited,GANDHAR,0.7457627118644068,-0.5759274399607729,0.8688708453996241,0.0,-0.8514488269927203,-0.5834778048851005,-0.4282725918942838,0.15367772281242395,0.37657426420260104,-0.2655327376286773,-0.027628770836938293,1.7825450999512436,0.6412539105835021
Ganesh Consumer Products Limited,GANESHCP,0.2033898305084746,-0.022399981753322574,-0.05663021728125752,-0.3333333333333333,-0.21174481231048112,-0.2654529048371842,-0.38166015141786264,-0.15789473684210534,0.005766598220397045,-0.23273632230757157,0.1198015804349081,1.5933690882496343,-0.5132222704676404
Garuda Construction and Engineering Limited,GARUDA,-0.4745762711864407,-1.0687396028901806,0.7071717991797543,-0.3333333333333333,2.0358360958965873,0.6803886630945916,1.41306154071453,1.4486254156191711,1.5589151266255998,-0.4242566755499816,7.586722039568553,-0.19372663741264426,-0.8695077269242805
Gland Pharma Limited,GLAND,0.0,1.3024311067084704,-11.225678815027061,1.0,-0.5809875331964474,-0.578535657315846,0.8898010545154764,-0.3956694509772119,-0.3195242984257358,-0.5639598683179181,6.295495183711138,-0.4875670404680643,0.9770976113211383
Global Health Limited,MEDANTA,-0.06779661016949153,0.014191689062543467,0.17852179241621202,1.0,-0.09778317492111178,0.08556110094774119,0.45483041369531957,-0.12010380342226908,-0.23246064339493513,-0.16219888174740021,0.13848993482148017,-0.19892735251097027,0.6835289918412154
Glottis Limited,GLOTTIS,-1.2881355932203389,-0.8072752370643455,3.9745470918185264,0.0,-0.32298068893678034,-0.1269285529520905,-0.3177284812266099,1.9259589652096345,1.7502908966461328,0.486093692846319,7.586722039568553,5.594669267024216,-0.6426726663022738
Go Digit General Insurance Limited,GODIGIT,-0.8813559322033898,-0.1674369476581913,0.4057695328801905,0.0,0.34931891150223787,5.6839260284010065,-0.7567157579327632,-0.9868623793690697,-1.0840691307323753,-0.5234362752782566,-0.46005652650400874,-0.5967820575329108,1.2977224144470876
Go Fashion (India) Limited,GOCOLORS,-0.4745762711864407,0.6334357500913484,0.21211493665872777,0.6666666666666666,-0.09211226737963775,-0.2316410586353871,0.41494152282130986,-0.28910875030411154,-0.3678473648186174,-0.05066102314887373,-0.14575762819403584,-0.3003412969283276,-0.5194616304392758
Godavari Biorefineries Limited,GODAVARIB,3.1864406779661016,0.05419369227247674,0.3190022137939454,-0.3333333333333333,-0.8736188556627963,-1.1778653750743104,-0.5276385821575293,-1.1284567350579842,-0.7080253251197809,0.9144589016042225,-0.2729999423198938,0.139119128880221,0.09159100239133347
Gopal Snacks Limited,GOPAL,-0.4067796610169492,0.16629043612117017,-0.008376723307003375,-1.0,-0.8736188556627963,-0.19528072864201265,-0.35525882927021946,0.4873084096991323,0.4866358658453113,0.03205831635052536,0.5544788602411029,2.461238420282789,-0.1117950286153613
HDB Financial Services Limited,HDBFS,-0.2711864406779661,0.6936829071646846,1.076457458790025,-0.3333333333333333,-0.42655454028082135,0.012599779879117092,2.779739852238781,-0.09480171924418138,1.7502908966461328,3.6997962063019285,-0.2619253619426659,-0.9296278238257759,1.7090742113412787
HMA Agro Industries Limited,HMAAGRO,-0.3389830508474576,0.4912968356862777,0.35682386570331964,1.6666666666666667,0.04273829587318524,-0.3240642267678446,-0.5739497702631103,0.309382856216041,0.4990930869267625,0.4110362125725038,0.4114321970352426,3.0255160084511616,1.0082108501292701
Happiest Minds Technologies Limited,HAPPSTMNDS,-0.5423728813559322,-0.5912819448255695,-11.254051254229907,0.6666666666666666,-0.04122852949097554,-0.4183924030845302,0.5542712545710796,0.2968940069742926,0.3479637234770704,0.2686680252913207,0.3191440272250102,-0.1495205590768732,0.22432115451440293
Happy Forging Limited,HAPPYFORGE,1.6271186440677967,0.8130474062294626,-0.1287171526910496,0.0,-0.26799481334474445,-0.0913327971181894,0.8612820090571142,0.08669207687940955,0.15261806981519502,-0.33816690181324127,1.5854530772336621,-0.20152771006013329,-0.08140486268780238
Hariom Pipe Industries Limited,HARIOMPIPE,-0.2711864406779661,-0.6611709584305093,2.3146505527774446,0.6666666666666666,0.9506445770772792,-0.02431959391400698,-0.15047653828511992,0.017760116778850005,0.1053901437371662,0.41221194544599493,-0.09707561861913815,0.6045831301803999,-0.03536295344553345
Harsha Engineers International Limited,HARSHA,-0.4745762711864407,-0.0013007379017988274,-0.3693518509568944,1.3333333333333333,-0.7958550724155109,-0.22303683066513447,0.00020044992085920516,-0.3366312545616738,-0.25504791238877483,-0.16606573653132664,0.41616196573801706,0.0533073297578416,-0.041809219899604184
Heranba Industries Limited,HERANBA,0.7457627118644068,0.5509916978693642,-11.254051254229907,0.6666666666666666,-0.8736188556627963,-1.490702117026602,-0.36595613397915344,-0.7134052388289677,-0.48886036960985635,-0.11151173120133757,0.6398454173155679,0.136518771331058,-0.06960055310079755
Hexaware Technologies Limited,HEXT,0.7457627118644068,0.6556126783516295,-0.48935546515072065,-0.3333333333333333,-0.38665912574874345,-0.18985787950925598,0.05522526168837112,0.4974049144432729,0.44502053388090357,-0.28953075194649097,1.2777008709696027,0.6182350073135056,1.4993238885172002
Highway Infrastructure Limited,HILINFRA,-0.2033898305084746,-1.328894910669043,3.9745470918185264,-0.3333333333333333,-0.309350828516466,0.270381647310005,-0.40129801869662945,0.14054010218149385,0.4967659137577001,0.4958457438469981,-0.07919478571840569,1.9229644076060455,-0.7452845572883534
Home First Finance Company India Limited,HOMEFIRST,-0.4745762711864407,0.38658914518294096,-11.254051254229907,1.0,0.6252061305354761,0.1034108649362932,4.49963612122808,-0.18157489254723874,1.1129192334017788,3.246564247269687,-0.24335236776835667,-0.9790346172598732,0.06284353407878068
Honasa Consumer Limited,HONASA,-0.8813559322033898,-0.017076578584743075,-0.1362584110412507,-0.3333333333333333,0.25244982287327117,1.3344174464907554,-0.4707681980893922,-0.5246127645770822,-0.722262149212868,-0.5639598683179181,0.3152217800080753,0.3991548837965219,0.24686074827679752
Hyundai Motor India Limited,HYUNDAI,0.4745762711864407,1.5329674030347256,-0.37336557728196046,-0.3333333333333333,-0.5472741988320436,-0.16418286911086744,-0.1378433276978889,1.3253588516746413,1.2028576317590698,-0.44408737001619886,2.6205802618676817,1.5693157809198766,2.698858163411406
ICICI Prudential Asset Management Company Limited,ICICIAMC,0.6779661016949152,1.6187126304839254,-0.48562940989862463,-1.0,0.06573035410960944,-0.05072763151155187,4.1897845859743565,1.9259589652096345,1.7502908966461328,-0.3971103098709306,7.586722039568553,0.2665366487892086,0.8917438509496914
INOX India Limited,INOXINDIA,1.8305084745762712,0.5951577846753181,0.023993328900743828,-1.0,-0.10743994544321815,-0.13271444526343035,0.6728096929752562,0.8981428918984673,1.036943874058864,-0.4210952604901499,2.5619772740381834,-0.04030554201202654,-0.056403764391277034
IRM ENERGY LIMITED,IRMENERGY,-0.8135593220338984,0.3647127497564643,-0.10452539323095475,0.0,-0.015870555273330995,-0.8874861416774884,0.15435424560755925,0.20233557700105434,-0.22534223134839146,0.14411872289282576,-0.025436926803945208,0.09491305054444979,-0.2892613197996426
Indegene Limited,INDGN,0.3389830508474576,0.2692941593015329,-0.3206188198240743,-0.3333333333333333,-0.04361759415082708,-0.0002622037240336115,0.3541232292110683,0.33533371178331023,0.25323408624229965,-0.183257563881486,1.0835207936782605,0.136518771331058,0.5160279116071583
India Pesticides Limited,IPL,1.2881355932203389,-0.09477179000284461,-7.694076956954108,1.3333333333333333,-0.562493496952112,-0.6304415644434743,0.4573212916849113,-0.09674803341172651,-0.005766598220397045,-0.5131159533887234,1.1120147661071695,-0.08451162034779774,-0.3581306592465896
India Shelter Finance Corporation Limited,INDIASHLTR,0.3389830508474576,0.3440144304007377,-0.31828878501186814,-0.3333333333333333,0.6748319296791322,0.3034641174123887,4.0290061726651,-0.20493066255778128,0.7623374401095141,1.963238752155511,-0.224433292957259,-0.9504306842190801,-0.1041778213046928
Indigo Paints Limited,INDIGOPNTS,0.2033898305084746,1.2966664557319774,-11.254051254229907,1.6666666666666667,-0.4836132670559085,-0.20068201741066222,0.1202082767578741,-0.07323007055388861,-0.10651950718685822,-0.5170089355698384,4.427928707388822,0.1157159109377539,-0.15885526900755567
Indiqube Spaces Limited,INDIQUBE,-0.8135593220338984,-0.2857576273185664,0.18830207491719855,-0.3333333333333333,0.7458299897494849,0.41468849170100097,-0.6026142238827366,1.9259589652096345,-1.261002737850787,-0.5639598683179181,-0.34455211397588964,-0.8542174549000487,-0.10468284699367154
Indogulf Cropsciences Limited,IGCL,0.6779661016949152,-0.9358018177899514,1.076457458790025,-1.0,-0.5870164507641205,-0.28171140537544065,-0.2300521037175403,-0.3171681128862217,-0.09529431895961675,0.4251711344515863,-0.09073080694468476,0.1547212741751992,-0.6601459855953508
Innova Captab Limited,INNOVACAP,-0.13559322033898305,0.2616454300055755,-0.20779936637250804,-1.0,-0.10214543421020299,-0.0681646628757097,0.026384220458686606,0.2488849241748438,0.06692334017796032,0.17667345978993576,0.9514333506373652,0.21452949780594835,-0.05409247223489408
Interarch Building Products Limited,INTERARCH,1.3559322033898304,0.8622838684160381,1.466258988378653,-0.3333333333333333,0.07522785017567733,0.8303596497649562,-0.27557706536731735,-0.04452193658259667,0.041735112936344854,-0.46825521241573903,2.493107227317298,0.8594181699983747,0.06432272144418605
International Gemmological Institute (India) Limited,IGIL,0.2711864406779661,0.19994889639236577,-0.5051832799724639,-1.0,0.6105999716639883,0.11180369986847379,3.3977795869101355,1.9259589652096345,1.7502908966461328,-0.49492475309609646,5.218376881813463,0.04940679343409723,-0.07199811006156769
Inventurus Knowledge Solutions Limited,IKS,-0.2033898305084746,1.1981229573767043,-0.4545914384655328,-1.0,1.0351240829711519,0.14526023896352613,1.348063909122798,1.3011921174276213,0.9493326488706366,-0.11234780791137572,1.3738824479437037,-0.04030554201202654,0.4362918848325353
Ivalue Infosolutions Limited,IVALUE,-0.3389830508474576,-0.08610449518860788,0.06740600761411054,-1.0,-0.8736188556627963,-0.06485429351529218,-0.06615072517333762,0.25569702376125203,0.46363791923340175,-0.4303966138893242,0.22327969083463117,0.19632699496180728,-0.3604357720210385
J G Chemicals Limited,JGCHEM,0.13559322033898305,-0.3457740870577409,-0.034741471711479094,0.0,-0.46421982493311925,-0.25582531802293795,-0.194165293669933,0.18271024247830672,0.36398015058179334,-0.3198777237811568,3.3278537232508514,1.4210954006175849,-0.42127608969977937
JNK India Limited,JNKINDIA,-0.4745762711864407,0.1958127322289485,-0.44517742779690667,-0.3333333333333333,0.4029363907402787,-0.18616941336273882,0.22970997851487693,0.9686967804719813,1.138518138261465,-0.21983591994565477,0.21878064255638235,0.0533073297578416,-0.5416866619375995
JSW Cement Limited,JSWCEMENT,-0.2033898305084746,-0.6954425638216886,1.171919057872945,-1.0,-0.6662815630048439,-1.490702117026602,-0.04614478762809113,-1.2719974049144434,-0.7581279945242986,2.5423525108428704,-0.24485205052777292,-0.4823663253697383,0.9681777004558216
JSW Infrastructure Limited,JSWINFRA,-0.2033898305084746,-0.8763031536682102,0.1330722443234205,0.0,0.1464882665922081,0.42988098163766414,2.007344096805589,-0.1274024815505636,-0.43533538672142374,0.4944087370016202,-0.0788487050816173,-0.7840078010726474,0.8552151394630311
Jain Resource Recycling Limited,JAINREC,-1.2881355932203389,-0.3040680513581181,0.4715930163249065,-0.3333333333333333,1.1980223172667024,0.6021458408109125,-0.46868979971089275,1.6435001216446365,1.7502908966461328,2.4371244186654133,-0.05398857933898598,2.874045181212416,1.2318168257012472
Jana Small Finance Bank Limited,JSFB,-0.2033898305084746,0.19373718712376986,0.21211493665872777,-0.3333333333333333,-0.060959403652723995,1.6292173307533857,-0.008062573897417219,-0.38350498743005446,0.0,0.0,0.0,0.0,0.5226091741765806
Juniper Hotels Limited,JUNIPER,1.2203389830508475,0.07351973520471444,0.023993328900743828,-0.3333333333333333,0.5633264342315802,2.9584461067184558,0.8034440912594741,-1.9832130403049228,-0.9291067761806981,2.865705178450123,-0.26434792640018456,-0.8906224605883309,-0.3644413991136555
Jupiter Life Line Hospitals Limited,JLHL,0.06779661016949153,0.6878440996546558,1.171919057872945,1.3333333333333333,-0.06300613088919431,0.28212654469725035,0.4796107901895927,0.035276944286757,-0.1892026009582478,0.3604013168208185,0.22281824998558006,-0.141719486429384,-0.09774328078006
Jyoti CNC Automation Limited,JYOTICNC,0.8135593220338984,0.0013007379017995933,-0.40737917952317215,-0.3333333333333333,0.3859115080983769,8.157117662686192,0.30304926105677094,-2.108101532722407,0.3671629021218343,3.6997962063019285,-0.09257657034088936,-0.3438972858768081,0.12467666611696547
KFin Technologies Limited,KFINTECH,-0.9491525423728814,0.08773525337105281,0.5205110149505138,0.6666666666666666,-0.07040569701431376,-0.038680504825492894,1.8136655142526485,0.5471575703511475,0.4191478439425052,-0.3546010346449286,2.766626290592375,-0.391353811149033,-0.19790559150248305
KRN Heat Exchanger and Refrigeration Limited,KRN,-0.9491525423728814,-0.34966749581493217,0.023993328900743828,0.0,0.9116263348434269,0.6762446908930072,0.3154618336843494,1.3662314491930896,1.2298254620123203,-0.004911950671473985,0.5993539828113285,0.38355273850154387,-0.7729130843407488
KSH International Limited,KSHINTL,1.6271186440677967,0.1290277000490922,-0.11121907667532918,-0.3333333333333333,0.7974284928205061,0.27615641266799146,-0.4755897213926503,0.09609926202254471,0.37342573579739896,0.4720959398024772,-0.09984426371344518,2.261010888997237,0.41731252883984193
Kalpataru Limited,KALPATARU,1.0169491525423728,0.19373718712376986,3.9745470918185264,-0.3333333333333333,0.4101024358450485,2.731103794977037,-0.5760647647189143,-1.851836833995621,-1.246697467488022,3.6997962063019285,-0.3110688123666147,-0.9192263936291238,0.5066591517753609
Kalyan Jewellers India Limited,KALYANKJIL,-0.4067796610169492,-1.1437772202946868,-9.972399690239351,0.6666666666666666,0.6683113309630182,0.6191156488989346,-0.44433145808174784,-0.12999756710729055,0.13591718001368921,0.5850708052463814,-0.15233316029301489,0.7736063708759954,2.195832282126846
Kaynes Technology India Limited,KAYNES,-0.3389830508474576,0.494235130095805,-0.573060427918928,0.6666666666666666,1.5187039282149504,0.919172003841899,0.1828571871660221,-0.35431027491687617,-0.13088637919233403,-0.15065057218999814,-0.08311703293534055,-0.20672842515845932,0.5557232988711559
Keystone Realtors Limited,RUSTOMJEE,0.5423728813559322,0.4239841405668552,0.0,0.6666666666666666,-0.06800531581486546,-0.6676810213818621,0.03291789111165325,-0.6894006974292435,-0.7355407255304587,0.5633850655797673,-0.05866066793562897,-0.7398017227368762,0.3145986302019858
Krishna Institute of Medical Sciences Limited,KIMS,2.0338983050847457,0.78733325989774,-9.809636167539649,1.3333333333333333,0.11573634208758979,-0.6645536710494548,0.6064137962757268,0.13567431676263064,-0.20467145790554414,0.3625960181846687,0.4073945896060449,-0.2821387940841867,0.5836016043924042
Kross Limited,KROSS,0.8135593220338984,-0.27495512396394095,0.023993328900743828,-0.3333333333333333,0.058069931470057415,0.35793501247669585,-0.06620461737746244,0.3708539453410105,0.5513860369609856,0.2159168103673513,-0.01217050239372432,0.7684056557776693,-0.6964025384885377
Krsnaa Diagnostics Limited,KRSNAA,-0.4745762711864407,0.912480129276433,-7.2417600877144555,1.3333333333333333,-0.3376086374123841,-0.29461083078497863,0.4046372496135539,-0.53499310680399,-0.5321184120465435,-0.21933949939906974,0.020937878525696563,-0.47196489517308626,-0.5608840480843297
Krystal Integrated Services Limited,KRYSTAL,0.2033898305084746,0.6640853360099486,-0.24832256484685025,-1.0,0.10548828253651418,-0.0024645450275308117,-0.3845048882786469,0.03381720866109803,0.0268138261464749,0.13008831060249806,-0.015169867912556954,0.973833902161547,-0.2240327663647536
LG Electronics India Limited,LGEINDIA,0.4067796610169492,1.0659413218864502,0.7071717991797543,-0.3333333333333333,-0.576805634089896,-0.317650281218415,-0.16137488618104462,1.1973886951585426,1.228182751540041,-0.4974133876783194,4.065697640883659,1.5719161384690392,1.9292330255253043
Landmark Cars Limited,LANDMARK,-0.2033898305084746,0.36641539310307575,-0.12992435017398246,0.6666666666666666,-0.41442249020558447,-0.7533224920572238,-0.6095875889658876,-0.20541724109966747,-0.1529260780287474,0.8754506976015052,-0.21405087385360783,2.016577279375914,0.746254953155297
Latent View Analytics Limited,LATENTVIEW,-0.2033898305084746,-0.44444026676679227,-3.731754302125541,1.6666666666666667,0.30253938305544475,-0.2667070409468222,1.1103193345746172,-0.2902441002351797,-0.35552703627652293,-0.5639598683179181,2.4711887869873683,-0.5629774093937916,-0.3202507615030883
Laxmi Organic Industries Limited,LXCHEM,0.9491525423728814,-0.8006668631574486,-10.959414385584981,0.6666666666666666,-0.8736188556627963,-1.0000307792355922,-0.39408937025630997,-0.524937150271673,-0.5247262149212868,-0.3242671265088571,0.5580550268212494,0.2483341459450675,0.3524940252859817
Le Travenues Technology Limited,IXIGO,-0.2033898305084746,-1.0868958224456502,1.0010120014502901,0.0,0.6691103248346305,8.157117662686192,-0.4880246572885877,-0.7837969345551862,-0.900770020533881,-0.32983226211004846,1.046374805329642,-0.07671054770030886,-0.2360280371420145
Lenskart Solutions Limited,LENSKART,-0.3389830508474576,0.1684330175336558,-0.04058573047887275,0.0,1.6680875020487862,3.607606994044559,-0.5528846648410487,-1.1067228935203959,-1.1103524982888433,-0.34117155248994085,-0.22258752956105435,-0.46416382252559724,1.186027718900605
Life Insurance Corporation of India,LICI,3.1864406779661016,0.9079531447344978,-0.09910837649200263,0.6666666666666666,-0.6778539635658745,8.157117662686192,-0.5404593274195577,1.5928148568648122,-1.2832477754962355,-0.5639598683179181,7.586722039568553,-0.9270274662766129,4.607283790050474
Likhitha Infrastructure Limited,LIKHITHA,0.0,-0.8691463609352463,-4.302803649533035,0.6666666666666666,-0.31052361162647946,-0.5852664613328856,0.49522539225706175,0.31327548455113124,0.4771902806297057,-0.5639598683179181,4.5395973928592035,0.3757516658540548,-0.9761835885591054
M&B Engineering Limited,MBEL,1.4915254237288136,0.13126476634873527,-0.144583176752533,-0.3333333333333333,-0.2554411960896064,0.6061341741585291,-0.20363836275828495,0.16843727191630836,0.3957392197125256,0.26451376913831876,-0.07458037722789405,0.5109702584105315,-0.23600520678632622
MTAR Technologies Limited,MTARTECH,0.2711864406779661,0.4764532923890321,-11.254051254229907,1.3333333333333333,0.343996487762856,-0.2723370550066017,0.5451842942764354,-0.35950044603033005,-0.294883641341547,-0.18249986936301393,0.08565495760512207,-0.4485616772306191,-0.4902974508818294
Macrotech Developers Limited,LODHA,0.5423728813559322,0.33170694317602045,-11.254051254229907,1.3333333333333333,-0.29434913740698815,0.08889921452391986,0.9594920734005143,-0.431189684534912,-0.24984599589322382,0.48367037675706775,-0.02278364192190106,-0.8126117341134406,1.655746351648437
Mangal Electrical Industries Limited,MEIL,-0.3389830508474576,0.4552335222764026,0.0008553771444114913,0.0,0.3181966229073252,0.7495806175563953,-0.10833071008321751,0.22066336874543835,0.5568617385352497,0.5518367560223651,-0.12095518255753589,0.7241995774418981,-0.800651435419335
Mankind Pharma Limited,MANKIND,0.8135593220338984,1.019356356863133,0.023993328900743828,1.6666666666666667,-0.257075677800666,-0.3515443502071239,0.6943762471874872,0.13648528099910792,0.09922997946611897,-0.2518942362961801,1.4534809944050298,-0.21452949780594835,1.54120302153774
Manoj Vaibhav Gems N Jewellers Limited,MVGJL,0.9491525423728814,-0.3694026493622852,0.32586288553565396,0.3333333333333333,-0.4306883094122818,0.041031177420470764,-0.3872124002292666,0.0018652177438974688,0.3122347707049966,0.673694936510425,-0.1360673703639614,1.0336421257922963,0.3258679788918879
Mazagon Dock Shipbuilders Limited,MAZDOCK,4.677966101694915,-0.7071759227090214,3.9745470918185264,1.6666666666666667,0.08277463868031058,0.3690612709688209,0.5341102064024689,0.6640986132511556,0.60805954825462,-0.5400794272874535,7.586722039568553,-0.711197789696083,1.516361290777183
MedPlus Health Services Limited,MEDPLUS,-0.2033898305084746,0.7565114105351283,-7.73814999421914,0.6666666666666666,-0.2628195609647343,-0.037432828582476346,-0.5658883812339682,-0.7069175249371503,-0.7330766598220397,-0.3265924648586507,-0.21128222875930086,1.0804485616772306,1.0001358662709152
Medi Assist Healthcare Services Limited,MEDIASSIST,0.2033898305084746,0.20200956302379885,0.0861004625624559,0.0,0.041064685709410985,-0.3293380988534719,0.3366957250650511,0.034303787202984354,0.012850787132101383,-0.39616972357213764,0.9713906673588281,-0.2561352185925564,-0.4711789008420317
Meesho Limited,MEESHO,-0.8135593220338984,-0.9358018177899514,1.076457458790025,-0.3333333333333333,0.9493635514130229,0.6488285397088048,-2.782024940345944,-2.108101532722407,-1.512542778918549,-0.13497413387678323,-0.48500317240583724,0.7996099463676255,1.4603649721913792
Metro Brands Limited,METROBRAND,1.7627118644067796,0.35614874119601025,-5.168163045219781,0.6666666666666666,-0.0448111504720612,-0.13959985535082903,0.7647989293769288,0.4003730435487796,0.04091375770020543,-0.10594659560014613,0.04885504989329188,-0.23793271574841546,0.3789495766064451
Midwest Limited,MIDWESTLTD,1.4915254237288136,1.0073060176915811,-0.5244738937176403,0.3333333333333333,-0.8179718777513387,-0.25741967141658695,0.6662009602678527,0.1100478468899521,0.06897672826830924,-0.12026440925954944,0.3793620580261869,-0.23793271574841546,-0.7156385414992658
Motisons Jewellers Limited,MOTISONS,-0.5423728813559322,-1.5335640270475828,1.2040288684735778,0.0,-0.4732866219733889,0.37209742599034046,0.14854933050129118,-0.2531019382045252,0.1370123203285422,0.2480796363066313,0.021168598950222172,0.09751340809361281,-0.9233612786696099
Mrs. Bectors Food Specialities Limited,BECTORFOOD,0.5423728813559322,-0.11831969871135882,-11.153565532053165,0.3333333333333333,-0.06718615405378145,0.00025581150248345154,-0.15302518356798975,-0.06933744221879819,-0.1407426420260095,-0.25928828970057993,0.47718751802503323,0.6539899236144968,0.1182298956451378
Mukka Proteins Limited,MUKKA,-0.4745762711864407,-2.1010638830208728,3.9745470918185264,-1.0,-0.2025674718102876,-0.06612823797164637,-0.32238959191732064,0.28456735057983945,0.7674024640657079,1.1764905680096152,-0.13468304781680793,0.7606045831301803,-0.1286110476803869
Muthoot Microfin Limited,MUTHOOTMF,0.7457627118644068,-0.10941371345138928,-0.46667436968453657,0.0,0.40530609896638803,0.24405482361078956,2.421516674299929,-0.8138026113048415,0.4305099247091032,3.6997962063019285,-0.2807290765415008,-0.8932228181374939,0.21841730858922218
Nazara Technologies Limited,NAZARA,0.0,1.0359488614390757,-11.254051254229907,1.6666666666666667,1.307609904288458,-0.24735924887156924,0.18782848683351014,-0.9987024572216366,-0.6024811772758385,-0.5027172493076238,2.191324912037838,-0.5473752640988135,0.4042007007850726
Nephrocare Health Services Limited,NEPHROPLUS,-0.4067796610169492,0.28439106255888513,-0.5403714943732356,-0.3333333333333333,0.5726846990835843,8.157117662686192,-0.3590570100295142,-0.9597761738707324,-0.8350616016427104,-0.012906934211213689,-0.24254484628251713,-0.26653664878920846,-0.3962516112218725
Netweb Technologies India Limited,NETWEB,0.2711864406779661,0.35614874119601025,0.023993328900743828,0.6666666666666666,2.2168841752986053,0.9606478215128055,0.09794881029290788,1.4786310923688264,1.4977241615331964,-0.16185922558394716,0.8255753590586609,0.617584917926215,0.1617339565300006
Niva Bupa Health Insurance Company Limited,NIVABUPA,-0.3389830508474576,-1.281628913703872,1.076457458790025,-1.0,0.559133990735136,2.785537587271896,-0.8344010859265706,-1.619252290973968,-1.405082135523614,-0.31655954433819294,-0.48500317240583724,-0.30034129692832773,0.9716513263719866
Ola Electric Mobility Limited,OLAELEC,-0.9491525423728814,-1.2589331676881421,0.7071717991797543,-1.0,0.5799513796702693,-1.490702117026602,-3.421883314157763,-2.108101532722407,-1.512542778918549,0.4787671352179899,-0.48500317240583724,-0.4771656102714123,0.7488617119044424
Om Freight Forwarders Limited,OMFREIGHT,0.5423728813559322,-0.7683638891827431,0.5047485487267043,-0.3333333333333333,-0.8736188556627963,-0.20542521820417686,-0.43256539391119875,-0.3661503527694429,-0.025889801505818023,-0.05912629983801,0.010901540058833814,0.7241995774418981,-0.9432489233174055
One 97 Communications Limited,PAYTM,0.2033898305084746,1.6127196350321065,-4.504050020622975,0.6666666666666666,-0.3131978401793541,1.927493233946547,-2.072484037785633,-1.9439623712594276,-1.512542778918549,-0.2800595704655901,-0.48500317240583724,-0.6279863481228668,1.2101523424098741
One MobiKwik Systems Limited,MOBIKWIK,-0.3389830508474576,-0.14560315931034912,0.07051802759356696,-0.3333333333333333,-0.03969190352005693,0.5176734223860112,-1.3727318850552632,-2.108101532722407,-1.512542778918549,1.6930292104300575,-0.48500317240583724,-0.08451162034779774,-0.3086882954104928
Orient Technologies Limited,ORIENTTECH,0.4067796610169492,-0.40610557459034585,0.9061558196493543,-0.3333333333333333,-0.2325338655464692,-1.3424813709360948,-0.2838486951920765,0.450652826210364,0.6387234770704997,-0.40238804410304635,1.5649189594508854,1.3872907524784657,-0.5099728619100204
Orkla India Limited,ORKLAINDIA,0.4745762711864407,0.6819654908319089,-0.5094473944678181,0.0,-0.6602934010496643,-0.009950523200842241,0.09849522462897677,-0.4436785337766605,-0.5056981519507188,-0.4873020849662956,1.785603045509604,-0.21452949780594835,0.2686068009346709
Oswal Pumps Limited,OSWALPUMPS,0.0,0.5329523410520545,-0.2719764969856043,-1.0,1.6744383910355516,1.8013415427660147,0.4645965922056145,1.9259589652096345,1.7502908966461328,0.8102367142185297,0.1939781969198823,0.6617909962619858,0.12216065487841773
P N Gadgil Jewellers Limited,PNGJL,-0.6779661016949152,0.321016038803756,0.023993328900743828,-0.3333333333333333,1.0752395994978237,0.6019635526505552,-0.5446333105414408,0.7956370124077529,0.688826146475017,0.7276741391022629,-0.02612908807752203,2.8434909800097516,1.3216114443985387
PB Fintech Limited,POLICYBZR,-0.3389830508474576,0.9356448514847685,-2.360160108195427,1.6666666666666667,1.2546510145516434,3.0598894349424937,-1.5440060004096448,-1.396237125942746,-1.4157597535934292,-0.5522809217745728,-0.48500317240583724,-0.46416382252559735,1.0210310443390052
Pace Digitek Limited,PACEDIGITK,-0.2711864406779661,-0.3535785618150845,0.0832645203861355,0.0,1.8828675874370508,1.9281152506437376,0.10058396095876757,0.13583650960992627,0.5552190280629706,0.14312588179965527,-0.09326873161446612,-0.18332520721599221,0.3066562771327496
Paradeep Phosphates Limited,PARADEEP,1.4915254237288136,-1.7613653274123717,3.9745470918185264,0.6666666666666666,0.38097143244633325,0.008989721675412952,-0.38197418819721995,-0.32333144108344825,-0.020414099931553693,1.0065841040915506,-0.14702659052892653,0.3939541686981959,1.8371736926378095
Paras Defence and Space Technologies Limited,PARAS,-0.4067796610169492,-0.5460150110370555,1.8783348910866342,0.6666666666666666,0.3058529105483915,0.18779034758836022,0.7200948018097537,-0.5340199497202173,-0.47681382614647505,-0.49516643152009193,0.35605929514910306,-0.5811799122379326,-0.9282013361433434
Park Medi World Limited,PARKHOSPS,-0.5423728813559322,-0.6121893584929907,-0.1362584110412507,-0.3333333333333333,-0.5089696493273137,-0.3561611758477046,0.9536799883299654,0.6384721433784771,0.44912731006160167,0.2797982964937034,0.04158735652073606,-0.2249309280026004,-0.02211546387101775
Patel Retail Limited,PATELRMART,-0.2711864406779661,-0.222883661138864,3.9745470918185264,-0.3333333333333333,-0.6634185532840449,0.20729671690415413,-0.5231895969180461,0.2805125293974536,0.5936858316221765,1.7658462663949424,-0.1619080579108265,2.055582642613359,-0.37113700652136833
Physicswallah Limited,PWL,-1.152542372881356,-0.9513407710727165,1.3339410379678414,-0.3333333333333333,2.2168841752986053,-1.490702117026602,-1.038703975952732,1.9259589652096345,-0.9107631759069132,-0.5639598683179181,7.586722039568553,-0.18072484966682906,0.6197890137489622
Pine Labs Limited,PINELABS,0.3389830508474576,-0.3457740870577409,-0.034741471711479094,-1.0,0.48872396746566554,8.157117662686192,-1.267870347123509,-1.5847052145000406,-1.512542778918549,0.027015728693107754,-0.4798408029070773,-0.903624248334146,0.34871319517699545
Platinum Industries Limited,PLATIND,-1.152542372881356,-0.5658409088971075,0.7071717991797543,-0.3333333333333333,0.1863807169653672,0.09952104885498576,0.4136457856472513,1.477333549590463,1.7000513347022586,-0.15321105711449012,0.981311645613428,0.5421745490004876,-0.9687801062419232
Popular Vehicles and Services Limited,PVSL,1.3559322033898304,-0.09768035456405648,0.24399995492278784,-0.3333333333333333,-0.2551102743294425,-1.490702117026602,-0.6864652063771293,-0.6295515367772282,-0.4800992470910336,1.1505983173956214,-0.26400184576339614,2.6146595156834063,0.9387649123161966
Premier Energies Limited,PREMIERENE,0.5423728813559322,0.2654782744255778,0.3124464607963252,-0.3333333333333333,2.2168841752986053,8.157117662686192,0.08940969916196824,0.30873408482685905,-0.02383641341546887,1.2550817787532011,-0.04689392628482435,-0.15732163172436223,1.1035334002357307
Protean eGov Technologies Limited,PROTEAN,0.5423728813559322,1.2311979593489806,-5.436982147862521,1.6666666666666667,-0.6469751139620573,-0.6678117628122641,0.2895840844144435,-0.2866758575946801,-0.2974845995893224,-0.5392694779746041,7.586722039568553,-0.24833414594506723,-0.36340733289719956
Prudent Corporate Advisory Services Limited,PRUDENT,0.0,0.5551015797143061,1.466258988378653,0.6666666666666666,0.46147544796442347,0.07184336324395713,0.7905238158249179,1.1823047603600683,1.227224503764545,-0.4814495479960285,4.0810405491146104,0.3211441573216318,-0.1997061510825087
Pyramid Technoplast Limited,PYRAMID,0.4067796610169492,-0.5912819448255695,3.9745470918185264,0.3333333333333333,-0.3675490955626153,-0.4589071620667782,-0.29005835925730905,0.34392993268996835,0.33947638603696095,0.012201494487119349,0.33379477418238457,1.1714610758979358,-0.6896264457950595
Quality Power Electrical Equipments Limited,QPOWER,0.13559322033898305,0.2162979846101694,1.7038086264103216,0.0,1.3069868672443559,0.36950280319190304,0.7253571027924781,0.665396156029519,0.567950034223135,-0.2861995088049327,1.515660148814674,-0.1963269949618071,-0.40796589572035397
R R Kabel Limited,RRKABEL,0.5423728813559322,0.9826881165577523,0.08670053148673848,-0.3333333333333333,0.01741027646280989,-0.042111451723163995,-0.401847143649634,0.04598167220825563,0.22339151266255977,-0.23598265140826657,0.1841725788775452,1.678530797984723,1.2474246904762867
RBZ Jewellers Limited,RBZJEWEL,-0.3389830508474576,-1.024954129565673,0.023993328900743828,0.0,0.22468395988395842,0.283022887443016,-0.01759606387813041,0.18952234206471494,0.4331108829568787,0.22822281444322517,-0.04885504989329178,0.6799934991061269,-0.7412423212581779
RailTel Corporation of India Limited,RAILTEL,0.2033898305084746,-1.0777699322603687,-10.194612301017317,0.6666666666666666,0.3079865500157,-0.23327619485445916,0.09893677077996751,-0.13972913794501668,-0.11172142368240925,-0.15370747766107531,4.61181288573571,-0.3185437997724688,0.6536495719450744
Rainbow Childrens Medicare Limited,RAINBOW,0.3389830508474576,0.42557379737628115,-0.5028860079565168,1.6666666666666667,-0.3174384673789169,-0.11686802383550067,0.9461510385692548,0.2664017516827508,-0.05299452429842564,-0.029550086220410547,-0.03108957720482204,-0.2925402242808386,-0.0069925488902251335
Rashi Peripherals Limited,RPTECH,0.9491525423728814,-0.0522810002647367,0.39963165178725646,-0.3333333333333333,-0.36505264240163,-0.2715294712405023,-0.6645783110369021,0.11102100397372475,0.5736995208761123,0.6083503161415065,-0.12130126319432422,3.015114578254511,1.600050224133917
RateGain Travel Technologies Limited,RATEGAIN,-0.6101694915254238,0.2162979846101694,-0.7395590790581725,0.6666666666666666,1.369738000356284,1.8518725489048753,0.1988330841415843,-0.5581866839672371,-0.629312114989733,-0.416418456393374,4.418123089346485,-0.4381602470339671,0.048374838849557164
Ratnaveer Precision Engineering Limited,RATNAVEER,0.06779661016949153,-1.0422024760244244,0.28889926635587004,-0.3333333333333333,0.22131699180053133,0.7067415557785359,-0.30052238402147174,-0.08052874868218314,0.1318788501026693,1.491377958927732,-0.12049374170848472,0.3581992523972047,-0.358117161015587
Regaal Resources Limited,REGAAL,-0.6101694915254238,-1.0080440078685582,2.3146505527774446,0.0,0.4679276188627505,-0.07069934201202067,-0.19205032153735538,0.23850458194793603,-0.2728439425051335,2.0015153890369444,-0.1691757512833823,0.33934666016577264,-0.3206545274662799
Rishabh Instruments Limited,RISHABH,1.423728813559322,0.24809471344270068,0.5832391968615526,1.3333333333333333,-0.4022526762014703,-0.23351644628313029,-0.14552693439360156,-0.4788743816397698,-0.5358145106091718,-0.322150807336573,0.47061198592605413,-0.05590768730700476,-0.5792284007289841
Rolex Rings Limited,ROLEXRINGS,0.0,0.8622838684160381,-7.187334968488879,1.3333333333333333,-0.8736188556627963,-0.46522587085249323,0.5459097560128616,0.30094882815667817,0.41942162902121827,-0.4487380467157861,4.162138778335351,0.14171948642938414,-0.28415816763744906
Rossari Biotech Limited,ROSSARI,0.0,0.2162979846101694,-11.254051254229907,0.6666666666666666,-0.4370798807909081,-0.2785490219411687,-0.16549837652288352,-0.30062444246208747,-0.2561430527036277,-0.2615613732559961,0.2087443040895196,0.34194701771493563,0.2299608046432149
Route Mobile Limited,ROUTE,-0.06779661016949153,0.04929374400552655,-9.247714482028787,1.3333333333333333,0.5100179696444653,-0.0015067822459047498,-0.10895023422017296,-0.04452193658259667,-0.18143394934976034,-0.46824214871714476,0.9858395339447424,0.27368763204940666,0.7016457406656863
Rubicon Research Limited,RUBICON,0.2711864406779661,0.3299343041656094,-0.10982513434979159,-1.0,1.5124509687642596,8.157117662686192,-0.32466531690385153,-0.6131700592003895,-0.5347878165639973,0.6305781992997861,-0.07186941223971845,-0.2528847716561027,-0.004043465605416858
Ruchi Soya Industries Limited,RUCHISOYA,1.152542372881356,-1.9388897870832447,3.9745470918185264,0.0,-0.39523065478914776,-0.05552348614038659,-0.5310388123572454,-0.36777228124239725,-0.3794832306639288,-0.28024246224591093,0.2328545884524428,1.769543312205428,2.2798863981514725
S J S Enterprises Limited,SJS,-0.13559322033898305,0.42557379737628115,-7.6876042378280856,1.6666666666666667,0.27306120482463403,0.15059100718498836,0.6111031883602976,0.08604330549022789,0.13139972621492133,-0.4616711083241887,1.5900674857241737,-0.06370875995449365,-0.43320114973446516
SAMHI Hotels Limited,SAMHI,-0.4745762711864407,-0.8274097370300082,1.466258988378653,-0.6666666666666666,0.9224039440052889,3.993829304186469,0.10134090725941194,0.7044846322277188,-0.8913244353182752,-0.5639598683179181,-0.3069158447251542,-0.7918088737201364,-0.2339477077026605
SBFC Finance Limited,SBFC,-0.3389830508474576,-1.503301673763241,0.7071717991797543,1.0,0.592286871269557,0.7353838681923952,3.6427836329080385,-0.5255859216608547,0.4201060917180014,2.0113131629827037,-0.24542885158908687,-0.9608321144157321,-0.03562734147178008
SBI Cards and Payment Services Limited,SBICARD,0.3389830508474576,0.7109658217595236,-11.237140528877216,1.6666666666666667,0.6497630052468059,-0.34885954050866336,1.1304264497094763,0.22536696131700593,0.21271389459274465,3.6997962063019285,-0.2509661417777008,-0.8282138794084186,1.7939691125314812
SRM Contractors Limited,SRM,-0.3389830508474576,-0.38960002626100265,-0.5941205251612282,0.0,0.9477341226467364,0.6557535762917289,0.007541345460026186,0.963020030816641,0.8410506502395619,0.0030307780738884566,0.22985522293361027,0.984235332358199,-0.38849853289998565
Saatvik Green Energy Limited,SAATVIK,-0.8135593220338984,0.293694157899514,-0.11558076717777861,-1.0,2.2168841752986053,2.5936341158405805,-0.22521273609580744,1.9259589652096345,1.5382443531827514,3.4766943617076875,-0.007440733690949915,1.3742889647326506,0.6962019874704302
Sagility India Limited,SAGILITY,-1.2203389830508475,-2.0435500036070526,3.9745470918185264,-0.3333333333333333,2.2168841752986053,8.157117662686192,-0.026604918871926855,-0.9046306057902848,-0.9076146475017112,0.023984950619219483,-0.05266193689796381,-0.6175849179262147,1.0335645876733743
Sai Life Sciences Limited,SAILIFE,0.2711864406779661,0.43662009666451707,-0.18879996512060496,-0.3333333333333333,0.20881977879457259,2.9239332442371015,0.08431667747448,-0.7327061876571244,-0.5924880219028064,0.11462089146679229,-0.1009978658360731,-0.42775881683731504,0.17458371554831556
Sai Silks (Kalamandir) Limited,KALAMANDIR,-0.3389830508474576,-0.34189817682591805,1.076457458790025,-0.3333333333333333,-0.5648277085004666,-0.005480188073193613,-0.0018908698314383562,-0.09058470521450011,-0.058607118412046494,0.10973506819250675,-0.08819288227490334,0.17812449211766618,-0.03865948441696456
Sambhv Steel Tubes Limited,SAMBHV,-0.9491525423728814,-1.1942236806134638,2.873347436649796,-0.3333333333333333,0.4757264661996239,-0.13415770676822553,-0.10644394400929172,0.7025383180601736,0.2949863107460644,0.7778648691017404,-0.08057910826555917,0.7059970745977571,0.2304784528459191
Sanathan Textiles Limited,SANATHAN,-0.13559322033898305,-0.025074056996430897,-0.016444026037892714,-0.6666666666666666,-0.8466383754998967,-1.1239508083100707,-0.25825610756422357,-0.07501419187413841,-0.22616358658453112,0.028923028687882286,0.22731729826382885,0.5551763367463026,0.5647916842921897
Sansera Engineering Limited,SANSERA,1.4915254237288136,0.6983256563319269,-9.467045204437866,0.6666666666666666,-0.30525143472440697,0.003445418140015845,-0.021204428416286607,-0.326575298029357,-0.3044661190965092,-0.002560484924491703,0.007440733690950069,0.016902324069559577,0.5109011678626685
Sanstar Limited,SANSTAR,1.423728813559322,-1.0687396028901806,0.7071717991797543,-1.0,-0.4723811616103121,-0.07904711008048422,-0.40841387017984876,0.022463709350417586,-0.06805270362765237,-0.017113445158593147,0.30322431793274507,1.4496993336583779,-0.5787074727086807
Sapphire Foods India Limited,SAPPHIRE,-0.4067796610169492,1.0956561847863517,0.24399995492278784,0.3333333333333333,-0.2911030391573737,-1.490702117026602,-0.42644456573465045,-0.8368339956207931,-0.8699691991786449,-0.22571458431311062,-0.26157928130587754,0.027303754266211625,0.4231046252831437
Saraswati Saree Depot Limited,SSDL,-1.2203389830508475,-0.6228362662540637,0.023993328900743828,0.0,-0.8736188556627963,-0.15505847086158914,-0.47030076001114035,1.9259589652096345,1.7502908966461328,1.3697026702199928,0.8110399723135491,2.4248334145945067,-0.7423622812199709
Scoda Tubes Limited,SCODATUBES,-0.3389830508474576,-0.7372273456817026,0.0,-0.3333333333333333,0.3406675045597364,1.879515757323149,-0.13046785144004097,0.15854350823128688,0.41230321697467487,2.3515963839682295,-0.21405087385360783,0.30814236957581675,-0.8759913457527494
Senco Gold Limited,SENCO,0.6101694915254238,-0.03585405454903061,0.14683614532314834,0.6666666666666666,0.1462125803545639,0.39314265014115224,-0.3282721647805752,0.028789230394939618,0.39382272416153324,0.9238125097977742,-0.14818019265155444,0.6825938566552899,1.1461864814791631
Senores Pharmaceuticals Limited,SENORES,-0.9491525423728814,0.14456665333185734,-0.34118390968829876,0.0,2.2168841752986053,3.72158447359339,0.752245214952102,-0.35220176790203556,-0.561413415468857,0.3600616606573657,-0.05254657668570103,-0.7346010076385502,-0.6940012547085518
Seshaasai Technologies Limited,STYL,0.6779661016949152,0.2122396779446538,-0.06806618127871984,-0.3333333333333333,0.11506620843727253,0.71992658903241,0.38829347822054233,1.2022544805774065,1.1218172484599591,0.32957098813816166,0.15348676241564294,0.5707784820412807,-0.13973786447902034
Shanti Gold International Limited,SHANTIGOLD,-0.6779661016949152,-0.43577297195255554,0.08922142405300365,-1.0,1.2914089756889284,1.7885032199355788,-0.35745475405759886,0.8099099829697509,0.9901266255989046,1.6752103255473698,-0.06535156024687086,1.8943604745652527,0.10183912722673794
Shree Tirupati Balajee Agro Trading Company Limited,BALAJEE,0.13559322033898305,-1.183895550283636,2.682627616854002,-1.0,-0.7564446086059828,-0.5494667187860129,-0.206875796347511,-0.3423080042170141,-0.019318959616700975,0.9789674452631033,-0.2035530945376939,0.23273200065008942,-0.8075853696822953
Shreeji Shipping Global Limited,SHREEJISPG,-1.423728813559322,-0.23304945950116782,-0.5941205251612282,-0.3333333333333333,-0.7545093438387079,-0.1635177900224332,0.9115879394638909,1.9259589652096345,1.2858145106091716,0.5435804985107386,0.3521370479321682,0.1469202015277099,-0.6373459879098302
Shringar House of Mangalsutra Limited,SHRINGARMS,-0.4067796610169492,-0.5964614713558317,2.77740958790405,-0.3333333333333333,0.37705814305211827,0.5680675066501369,-0.5048151635155502,0.6019787527370042,0.720174537987679,0.2087056487432724,0.3356405375785892,3.849829351535836,0.17743674045815744
Shriram Properties Limited,SHRIRAMPPS,0.2033898305084746,-0.8835198365761985,-1.956066305297763,1.3333333333333333,0.28517091402577893,0.5615903325004998,0.6280524777722339,-0.8395912740248155,-0.4438227241615333,0.39334796467575905,-0.25408086750879616,-0.8568178124492117,-0.19089236320861075
Shyam Metalics and Energy Limited,SHYAMMETL,0.06779661016949153,-0.06621326733534823,-10.411222913204233,0.6666666666666666,-0.2894954392678711,-0.7245874470405962,-0.05504219669347142,-0.16454464358121806,-0.14922997946611916,-0.397580603020327,1.2810174770721579,0.19112627986348124,1.7218530363257858
Sigachi Industries Limited,SIGACHI,0.9491525423728814,-0.6069147941914949,-9.771025597737681,1.6666666666666667,-0.18917630024733456,-1.490702117026602,0.3753776783203554,-0.5666207120265997,-0.22643737166324443,-0.3121701416104926,0.5754744188729307,-0.25613521859255656,-0.9378144630830427
Signatureglobal (India) Limited,SIGNATURE,0.2033898305084746,0.13126476634873527,-0.144583176752533,-0.3333333333333333,0.4803846819593102,8.157117662686192,-0.7728367132412804,-1.5495093666369313,-1.330886379192334,3.6997962063019285,-0.2924958181923054,-0.8932228181374939,0.3310305510490558
Smartworks Coworking Spaces Limited,SMARTWORKS,-0.8135593220338984,0.1790667968388351,-0.19925663804548013,-1.0,1.2822831948550322,1.7703164116802415,0.296343139048729,-2.108101532722407,-0.9649726214921287,3.6997962063019285,-0.3145296187344984,-0.8490167398017227,0.03473160844516679
Solarworld Energy Solutions Limited,SOLARWORLD,-0.6779661016949152,0.05174719822057655,0.35682386570331964,-0.3333333333333333,2.2168841752986053,4.459118886277406,0.21232922810745875,1.7684697104857678,1.7033367556468182,2.2942467471390504,0.1492184345619197,0.7554038680318542,-0.15983651708659172
Sona BLW Precision Forgings Limited,SONACOMS,0.5423728813559322,-0.10941371345138928,-7.603659076379416,0.6666666666666666,-0.03885354605269369,-0.2058415492157914,0.6064854480261891,-0.04614386505555112,-0.08803901437371657,-0.4569159220358467,1.3749206898540693,-0.19112627986348124,0.6936750872055307
Sri Lotus Developers and Realty Limited,LOTUSDEV,-0.8135593220338984,-0.6781365267200469,3.9745470918185264,-0.3333333333333333,2.2168841752986053,2.3856604673819257,1.6245858825564785,1.6120752574811454,1.3250684462696782,2.6108716099702156,7.586722039568553,-0.5714285714285714,-0.558605371198912
Star Health and Allied Insurance Company Limited,STARHEALTH,-0.13559322033898305,0.8622838684160381,-4.302803649533035,0.6666666666666666,-0.38301696338505037,2.5287107743994506,-0.6746543068388164,-0.9568567026194145,-0.9415639972621493,-0.4821288603229345,0.0326757801234354,-0.13391841378189498,1.685155706561714
Stove Kraft Limited,STOVEKRAFT,0.0,0.13126476634873527,-11.254051254229907,0.6666666666666666,-0.6306453401571208,-0.6375838582358432,-0.463118497656777,-0.46962938934393,-0.3407426420260097,-0.07890473950984984,-0.12326238680279167,0.6253859905737039,-0.07136497082324102
Studds Accessories Limited,STUDDS,1.3559322033898304,0.4912968356862777,-0.5307242324369356,-0.6666666666666666,-0.6569560306547291,0.09943796182774352,0.07646950381927865,-0.20217338415375885,-0.1897501711156742,-0.4823117521032554,2.9176328084443677,0.21973021290427436,-0.7312619427920426
Sudeep Pharma Limited,SUDEEPPHRM,0.9491525423728814,0.5029904192547875,0.17721885427529346,-1.0,-0.1717447685131293,0.19343238678526847,1.2279573357483469,1.0770416024653313,1.1092915811088297,-0.17241469404817877,1.5773778623752668,-0.11311555338859088,-0.7035349623967809
Sula Vineyards Limited,SULA,0.0,0.06632312675231651,-0.5941205251612282,0.6666666666666666,-0.6317674752708947,-0.8193070900998207,0.548232094301039,-0.247425188549185,-0.07407597535934306,0.10145268328369146,-0.09326873161446612,-0.38875345359987,-0.7840781847356798
Supriya Lifescience Limited,SUPRIYA,-0.3389830508474576,-0.16114211259311423,-4.429133488319428,0.6666666666666666,-0.4685260872301792,-0.33442906751076645,1.410963148115616,0.17670910712837554,0.25651950718685834,-0.5639598683179181,5.005652650400876,-0.32374451487079486,-0.540489370651981
Suraj Estate Developers Limited,SURAJEST,1.152542372881356,0.07351973520471444,1.466258988378653,0.0,-0.09480317293382072,0.20854703644153147,2.311939930465568,1.1003973724758738,0.38081793292265564,3.6997962063019285,-0.23769971736747988,-0.7372013651877132,-0.8335725458696355
Suryoday Small Finance Bank Limited,SURYODAY,-0.3389830508474576,-0.06902693565484853,-11.254051254229907,0.3333333333333333,-0.021138802641572287,4.6947181718503055,-0.40008642640676756,-0.8691103722325846,0.0,0.0,0.0,0.0,-0.13840382178410202
Swiggy Limited,SWIGGY,-0.6779661016949152,0.14236387161077593,-0.30883720790185964,-0.3333333333333333,0.9270853202392579,-0.784181590609975,-3.060935287802618,-2.108101532722407,-1.512542778918549,-0.4640748288655483,-0.48500317240583724,-0.07150983260198268,1.8880076241500745
Syrma SGS Technology Limited,SYRMA,-0.06779661016949153,-0.34966749581493217,0.023993328900743828,0.6666666666666666,1.2868267606381043,0.6642059302520406,-0.2660279709245553,-0.5105019868623794,-0.4198665297741273,-0.1898155405758477,0.1447193862836709,-0.024703396717048614,0.7376812460693604
TBO Tek Limited,TBOTEK,-0.2033898305084746,0.8812174186862315,-0.25818908273625973,-0.3333333333333333,1.5202870588333421,0.7645579666703538,0.12619195036061392,0.8572702943800177,0.3672655715263517,-0.08318963264879538,0.5772048220568726,-0.7085974321469201,0.3177706991808135
TVS Supply Chain Solutions Limited,TVSSCS,-0.06779661016949153,-0.44444026676679227,0.22166425684948124,1.0,-0.8568520070628326,6.511900418152731,-0.7109742226373708,-1.2630767983131945,-0.8250684462696785,1.529393321837279,-0.2803829959047124,0.9660328295140582,1.335840827356002
Tamilnad Mercantile Bank Limited,TMB,5.559322033898305,0.37319254841278743,-0.23052414041890495,0.6666666666666666,-0.7467753776039936,-0.2435189045414227,1.7078708710498234,-0.11994161057497373,0.0,0.0,0.0,0.0,0.47887794076678525
Tata Technologies Limited,TATATECH,0.6101694915254238,0.35614874119601025,0.023993328900743828,0.0,-0.4639011855482045,-0.3853490807566064,0.3475405669435506,0.26623955883545547,0.27335728952772065,-0.48988869728797607,1.920343773432543,-0.10011376564277596,0.8517266276537245
Tatva Chintan Pharma Chem Limited,TATVA,0.4745762711864407,1.0217463498244872,-10.55928016682507,1.0,-0.8736188556627963,-0.8660116060361284,0.03923642566093941,-0.619009001703025,-0.6666837782340862,-0.3631185661284422,0.396320009228817,-0.4485616772306191,-0.9037309252363254
Tega Industries Limited,TEGA,1.8305084745762712,0.27119578868270755,-7.225540681322744,1.3333333333333333,-0.2709487741369147,-0.3981945755150954,0.3213105270469019,-0.15140702295028796,-0.17742984257357974,-0.27890996498928766,0.2580031147257311,-0.22753128555176327,0.004043465605416858
Tenneco Clean Air India Limited,TENNIND,-1.0169491525423728,0.15766647850510931,-0.5318420512003413,-0.3333333333333333,0.749660767225466,0.6506736636926924,-0.00020044992085920516,1.7006731003162758,1.7502908966461328,-0.5009405862987929,1.072100132664244,1.4496993336583779,0.8233296539181857
Transrail Lighting Limited,TRANSRAILL,-0.3389830508474576,0.230353522806607,0.2643709388137241,-0.6666666666666666,0.45731584077990717,0.6395910643977677,-0.14316592135556508,0.02327467358689474,0.7348220396988364,0.14511156398599606,-0.18740266482090323,0.003900536323744662,0.9964699297841058
Travel Food Services Limited,TRAVELFOOD,-0.2711864406779661,1.0351659393926318,0.023993328900743828,-0.3333333333333333,1.11404335459125,3.1064544372339324,0.8674595039458448,1.0,0.6377652292950035,-0.43397606730417504,0.10988060218030808,-0.15992198927352494,-0.008757718978590992
TruAlt Bioenergy Limited,TRUALT,-1.2203389830508475,0.34923576971039844,-0.3947289593347958,-0.6666666666666666,0.5984705430579769,8.157117662686192,0.13694065373171987,-0.7391939015489417,-0.9813997262149213,3.432251659089722,-0.24202572532733455,-0.6175849179262147,0.02044676837105533
UMA Exports Limited,UMAEXPORTS,1.0169491525423728,-1.3535362606119248,-1.5031114870170659,0.6666666666666666,-0.8505373701115664,-1.490702117026602,-0.7072315774882902,-0.46622333955072603,0.12428131416837791,0.3839943564822076,-0.15625540750994976,4.421908012351698,-0.1008562483113938
UTI Asset Management Company Limited,UTIAMC,0.06779661016949153,0.4444245714218614,-11.254051254229907,1.6666666666666667,-0.7812012873981277,-0.5588350371106663,2.604057792189524,-0.1463790446841294,-0.16552019164955514,-0.5497204368500809,3.740958643363904,-0.7189988623435721,-0.04014104298553216
Uniparts India Limited,UNIPARTS,0.6101694915254238,0.47944251054627324,0.09148236322638961,1.3333333333333333,-0.8736188556627963,-0.5301162714140054,0.32030710441837906,0.2308815181250508,0.23037303216974667,-0.44850290014108785,1.4125281190517391,0.22233057045343738,-0.2876665706377663
Updater Services Limited,UDS,0.0,-0.08323464703293076,3.9745470918185264,0.3333333333333333,-0.14798790978667659,-0.3095091668821702,-0.5545109823803677,-0.38983050847457634,-0.5072039698836414,0.2464336102837438,0.29584126434792646,1.0752478465789044,0.377069988921873
Urban Company Limited,URBANCO,-0.7457627118644068,-0.9997116862863165,-0.3540763099915399,-0.3333333333333333,0.6743922613344069,0.5725877970270867,-3.0094372361990733,-2.108101532722407,-1.512542778918549,-0.5154412917385169,-0.48500317240583724,-0.5577766942954654,-0.030129662052571084
Utkarsh Small Finance Bank Limited,UTKARSHBNK,-0.8813559322033898,-2.1952361048015794,3.9745470918185264,0.3333333333333333,-0.5139423101709142,-1.490702117026602,-1.0059776320664089,-1.2544805774065366,0.0,0.0,0.0,0.0,0.05713705864935402
VMS TMT Limited,VMSTMT,-0.6779661016949152,-1.033535181210187,0.15510838885328143,-0.3333333333333333,-0.3655069211339317,0.1366668328522566,-0.5698342502202494,0.5059605871381073,-0.08981861738535242,3.6997962063019285,-0.23504643248543575,2.3858280513570618,-0.5397615469005491
Vedant Fashions Limited,MANYAVAR,0.06779661016949153,0.8291109873102194,-0.36571817723994565,0.6666666666666666,-0.635594111931661,-0.41007686975167484,1.9479892896331479,0.7933663125456168,0.5886208076659822,-0.2983487484976745,0.44073369094999143,-0.419957744189826,-0.10397781358903471
Ventive Hospitality Limited,VENTIVE,0.06779661016949153,0.5726881522612004,0.36717629297557125,0.0,2.2168841752986053,1.5366282736071697,1.9208456012265007,1.205498337523315,-0.145807665982204,1.1882740241417156,-0.13814385418469166,-0.6929952868519421,0.3008641294266828
Venus Pipes and Tubes Limited,VENUSPIPES,-0.8135593220338984,-0.011785834536811276,-0.2149095717489987,1.6666666666666667,0.5277957477491368,0.17070668053455149,0.17115596791977006,0.23866677479523166,0.5149726214921286,-0.07281705596488468,-0.014823787275768517,0.30554201202665376,-0.29352907202970696
Veranda Learning Solutions Limited,VERANDA,-1.0169491525423728,-0.7557740513542928,0.3082354661701144,1.6666666666666667,2.0300428418491903,5.847918946315923,-2.351957732438514,-2.108101532722407,-1.512542778918549,2.4678567696086127,-0.48500317240583724,-0.8444661140906874,-0.890520604445175
Vibhor Steel Tubes Limited,VSTL,0.0,-0.6724441722247076,3.9745470918185264,-0.3333333333333333,-0.6297427830617675,-0.620083691141915,-0.6368302046836928,-0.30030005676749666,0.1560403832991102,1.0276689136228252,-0.20459133644805902,2.6562652364700137,-0.30990643261515183
Vidya Wires Limited,VIDYAWIRES,1.4915254237288136,-1.581046949828242,3.9745470918185264,-0.3333333333333333,-0.1152698214407995,0.12924047947315395,-0.579523036198887,0.4024815505636202,0.6703456536618754,0.5619219313372004,0.020130357039857015,4.429709084999187,0.034081891920422554
Vijaya Diagnostic Centre Limited,VIJAYA,1.4915254237288136,0.4079242988971027,-8.556265085959465,1.6666666666666667,-0.31953405447600824,-0.26586945938005835,1.354895141603696,0.256345795150434,0.058299110198494125,-0.41393635366044823,0.11345676876045466,-0.40435559889484796,-0.5442788491655408
Vikram Solar Limited,VIKRAMSOLR,-0.13559322033898305,0.003894389706206769,0.336773833365828,-0.3333333333333333,0.3847808813324423,8.157117662686192,-0.21145443544642462,-0.7701727353823699,-0.15566392881587945,1.1626430474996083,-0.22893234123550782,0.06370875995449365,0.7382673645622921
Vikran Engineering Limited,VIKRAN,-0.3389830508474576,-1.0509577651834061,0.42544871865232475,-0.3333333333333333,0.2971849151685143,1.337943027798394,0.12919862729954437,0.19860514151325911,0.8709274469541411,0.5181324136489527,-0.1867105035473265,-0.15212091662603605,-0.24122913149105418
Vishal Mega Mart Limited,VMM,-1.0169491525423728,-1.2368194284938472,0.35682386570331964,-0.3333333333333333,0.0797514763843109,0.3419198304556533,-0.24830083212921258,-0.6115481307274351,-0.5646988364134156,-0.4766943617076866,-0.05612274326584755,0.12091662603608005,1.4544210628159273
Vishnu Prakash R Punglia Limited,VPRPL,-0.6779661016949152,-1.033535181210187,0.15510838885328143,0.6666666666666666,-0.8736188556627963,-1.490702117026602,-0.31733512721221074,-0.3217095126104939,0.21380903490759762,0.5945550504258771,-0.18682586375958926,0.16772306192101413,-0.5216378185850906
Vraj Iron and Steel Limited,VRAJ,-0.06779661016949153,-0.4019494770286836,2.093331014238627,-0.3333333333333333,-0.5991264385020832,-0.44427091700491367,-0.01083768850062018,0.6639364204038604,0.5442676249144422,-0.3070230443643203,1.0647170790794256,1.2702746627661303,-0.7888412248307614
Waaree Energies Limited,WAAREEENER,0.8813559322033898,1.304153014584878,0.1708107912428043,-0.3333333333333333,2.2168841752986053,2.740438346241742,0.10255378713449315,0.715838131538399,0.5266084873374403,-0.11373255996237643,0.3666724346772799,0.11051519583942801,1.9938356870757656
Wakefit Innovations Limited,WAKEFIT,-0.8813559322033898,-0.45319555592577476,0.35682386570331964,-0.3333333333333333,0.15250551095115814,4.975444357504248,-1.2575590788594782,-2.108101532722407,-1.512542778918549,-0.28486701154830946,-0.48500317240583724,0.22233057045343738,-0.10142539971218827
WeWork India Management Limited,WEWORK,-0.8813559322033898,0.5793578573930045,0.2643709388137241,-1.0,0.4909500409032112,1.7030149500999363,-0.013072937460168969,1.9259589652096345,-0.8371149897330596,3.6997962063019285,-0.32133587125800306,-0.7320006500893872,0.2512306206196031
Western Carriers (India) Limited,WCIL,-0.5423728813559322,-0.560841540838638,0.6277324421705618,-0.3333333333333333,-0.7898511065997038,-0.7104487296246961,-0.422739771856071,0.01873327386262265,0.25542436687200537,0.048858232742854286,-0.015515948549345338,1.725337233869657,0.03232278293949978
Windlas Biotech Limited,WINDLAS,0.13559322033898305,0.28439106255888513,-6.1840197271129345,1.3333333333333333,-0.16737449191987588,-0.20437565242027844,-0.10688181178409902,-0.3384153758819236,-0.3037816563997262,-0.47418613157757217,2.1344523273922826,0.141719486429384,-0.4722437685414354
Yatharth Hospital and Trauma Care Services Limited,YATHARTH,-0.3389830508474576,-0.08323464703293076,0.023993328900743828,1.3333333333333333,0.537847594456899,0.2927013443271437,0.6016389645898056,0.4324872273132754,-0.058607118412046494,0.49127344933897704,0.6374228528580493,-0.17552413456850316,-0.26063378758630085
Yatra Online Limited,YATRA,-0.13559322033898305,-0.7250808269268751,-0.1588290786387168,0.6666666666666666,1.6442670310667884,1.5692860997956926,-1.2359174996451983,-2.108101532722407,-1.512542778918549,0.6505329989026496,-0.42631366441714247,-0.5324232081911262,-0.5696825993195834
Zaggle Prepaid Ocean Services Limited,ZAGGLE,-0.5423728813559322,-0.6016722943087697,-0.2926015719602756,-0.6666666666666666,1.486143932307766,0.18906320361519122,-0.13649978231648657,-2.108101532722407,1.2253080082135521,-0.5639598683179181,0.4421180134971449,1.3820900373801397,0.07147562331214433
Zomato Limited,ZOMATO,-0.4745762711864407,-1.2589331676881421,0.7071717991797543,0.3333333333333333,2.2168841752986053,2.0636463768711164,-1.3596155805078767,-1.3835860838537022,-1.4260266940451747,-0.527747295814391,-0.48500317240583724,-0.3627498781082397,2.5155658601514936
eMudhra Limited,EMUDHRA,-0.3389830508474576,-0.21952151818665278,0.22681193726482682,0.6666666666666666,0.9413563892329246,0.05115323312544368,0.8896636899228595,0.0017030248966019804,-0.10925735797399051,-0.40662068244761446,1.7907942550614295,-0.380952380952381,-0.6590128489504748
